lineage	n_strain	first_seq_date	last_seq_date	timespan_days	n_Health_region	Health_region	division	n_division	n_location	clade_membership
BA.1	2719	2021-11-27	2022-02-08	73	7	NORTE (21.7%), LX V TEJO (19.4%), ALENTEJO (19.0%), CENTRO (14.4%), ALGARVE (10.0%), ACORES-RA (9.1%), MADEIRA-RA (6.4%) (n = 2719)	Lisboa (12.4%), Faro (10.0%), Porto (9.6%), Acores (9.1%), Beja (8.0%), Setubal (6.7%), Madeira (6.4%), Braga (5.6%), Aveiro (4.8%), Evora (4.3%), Santarem (3.5%), Portalegre (3.2%), Coimbra (3.2%), Viseu (2.9%), Castelo Branco (2.6%), Guarda (2.2%), Braganca (2.1%), Vila Real (1.6%), Leiria (1.5%), Viana do Castelo (0.3%) (n = 2719)	20	263	21K (Omicron) (100.0%) (n = 2719)
BA.1.1	622	2021-12-14	2022-02-08	56	7	NORTE (29.6%), CENTRO (16.7%), ALENTEJO (14.5%), ACORES-RA (12.2%), LX V TEJO (12.1%), ALGARVE (9.0%), MADEIRA-RA (5.9%) (n = 622)	Acores (12.2%), Porto (11.1%), Faro (9.0%), Lisboa (8.7%), Braga (8.2%), Aveiro (7.2%), Beja (6.6%), Madeira (5.9%), Viseu (4.8%), Setubal (4.0%), Coimbra (3.9%), Vila Real (3.7%), Evora (3.4%), Portalegre (2.4%), Braganca (2.3%), Guarda (2.1%), Leiria (1.4%), Santarem (1.3%), Castelo Branco (1.1%), Viana do Castelo (0.6%) (n = 622)	20	158	21K (Omicron) (100.0%) (n = 622)
AY.4	579	2021-11-01	2022-02-07	98	7	MADEIRA-RA (32.1%), ALENTEJO (16.6%), ACORES-RA (13.3%), LX V TEJO (11.2%), NORTE (10.2%), CENTRO (8.5%), ALGARVE (8.1%) (n = 579)	Madeira (32.1%), Acores (13.3%), Beja (9.8%), Faro (8.1%), Lisboa (7.4%), Braga (4.8%), Portalegre (4.0%), Castelo Branco (3.5%), Porto (2.8%), Evora (2.6%), Setubal (2.4%), Viseu (2.2%), Aveiro (2.2%), Santarem (1.6%), Guarda (1.2%), Viana do Castelo (0.7%), Vila Real (0.5%), Leiria (0.3%), Braganca (0.3%) (n = 579)	19	106	21J (Delta) (100.0%) (n = 579)
AY.124	485	2021-11-01	2022-01-17	77	7	NORTE (35.5%), CENTRO (26.2%), ALENTEJO (17.7%), LX V TEJO (12.4%), ACORES-RA (6.6%), ALGARVE (1.4%), MADEIRA-RA (0.2%) (n = 485)	Aveiro (15.1%), Beja (11.8%), Porto (11.5%), Viseu (10.9%), Lisboa (8.5%), Acores (6.6%), Braga (5.8%), Braganca (5.6%), Guarda (4.5%), Setubal (3.3%), Leiria (3.3%), Castelo Branco (2.9%), Coimbra (2.3%), Santarem (2.1%), Evora (1.9%), Portalegre (1.6%), Faro (1.4%), Vila Real (0.8%), Madeira (0.2%) (n = 485)	19	133	21J (Delta) (100.0%) (n = 485)
AY.43	391	2021-11-01	2022-01-24	84	7	CENTRO (26.1%), NORTE (23.0%), ALGARVE (13.8%), LX V TEJO (13.3%), ALENTEJO (12.5%), ACORES-RA (6.4%), MADEIRA-RA (4.9%) (n = 391)	Faro (13.8%), Porto (13.0%), Lisboa (8.7%), Viseu (8.4%), Acores (6.4%), Guarda (5.9%), Beja (5.9%), Aveiro (5.4%), Madeira (4.9%), Coimbra (4.6%), Braga (4.3%), Castelo Branco (3.6%), Portalegre (3.3%), Setubal (3.3%), Leiria (2.3%), Santarem (2.0%), Braganca (1.8%), Evora (1.0%), Vila Real (1.0%), Viana do Castelo (0.3%) (n = 391)	20	128	21J (Delta) (100.0%) (n = 391)
AY.5	378	2021-11-01	2022-01-23	83	7	ALGARVE (31.5%), NORTE (27.0%), ALENTEJO (16.7%), CENTRO (14.6%), LX V TEJO (9.0%), ACORES-RA (1.1%), MADEIRA-RA (0.3%) (n = 378)	Faro (31.5%), Braga (14.0%), Beja (9.3%), Aveiro (6.9%), Evora (6.6%), Lisboa (6.3%), Porto (6.1%), Castelo Branco (4.2%), Viseu (3.4%), Guarda (2.9%), Leiria (2.1%), Coimbra (1.9%), Santarem (1.9%), Acores (1.1%), Portalegre (0.8%), Braganca (0.5%), Madeira (0.3%), Vila Real (0.3%) (n = 378)	18	96	21J (Delta) (100.0%) (n = 378)
AY.122	237	2021-11-01	2022-01-09	69	7	NORTE (28.3%), ALENTEJO (27.0%), LX V TEJO (14.3%), ACORES-RA (11.0%), CENTRO (7.6%), ALGARVE (6.8%), MADEIRA-RA (5.1%) (n = 237)	Beja (21.5%), Porto (12.7%), Acores (11.0%), Lisboa (9.7%), Faro (6.8%), Braganca (6.8%), Madeira (5.1%), Vila Real (5.1%), Portalegre (3.8%), Braga (3.8%), Aveiro (3.0%), Guarda (3.0%), Santarem (2.5%), Leiria (1.7%), Evora (1.7%), Setubal (1.3%), Coimbra (0.8%) (n = 237)	17	77	21J (Delta) (100.0%) (n = 237)
AY.124.1	213	2021-11-01	2022-01-30	90	6	ACORES-RA (69.0%), NORTE (16.0%), CENTRO (9.4%), LX V TEJO (3.8%), MADEIRA-RA (1.4%), ALGARVE (0.5%) (n = 213)	Acores (69.0%), Aveiro (14.6%), Porto (5.2%), Viseu (2.3%), Lisboa (1.9%), Madeira (1.4%), Braga (1.4%), Santarem (1.4%), Castelo Branco (0.9%), Coimbra (0.5%), Faro (0.5%), Leiria (0.5%), Braganca (0.5%) (n = 213)	13	47	21J (Delta) (100.0%) (n = 213)
AY.43.5	165	2021-11-01	2022-01-24	84	7	CENTRO (49.1%), NORTE (33.9%), LX V TEJO (7.9%), ALENTEJO (4.2%), ACORES-RA (3.6%), ALGARVE (0.6%), MADEIRA-RA (0.6%) (n = 165)	Coimbra (18.8%), Viseu (15.8%), Porto (13.9%), Aveiro (10.3%), Braga (7.9%), Lisboa (6.1%), Leiria (5.5%), Vila Real (4.8%), Portalegre (4.2%), Acores (3.6%), Braganca (3.0%), Castelo Branco (2.4%), Guarda (1.8%), Madeira (0.6%), Setubal (0.6%), Faro (0.6%) (n = 165)	16	72	21J (Delta) (100.0%) (n = 165)
BA.2	157	2022-01-02	2022-02-08	37	7	LX V TEJO (25.5%), CENTRO (19.7%), ALENTEJO (16.6%), ALGARVE (15.9%), NORTE (15.3%), MADEIRA-RA (5.1%), ACORES-RA (1.9%) (n = 157)	Faro (15.9%), Lisboa (15.3%), Castelo Branco (12.1%), Setubal (8.3%), Porto (7.6%), Beja (7.0%), Vila Real (5.1%), Madeira (5.1%), Evora (4.5%), Santarem (4.5%), Coimbra (2.5%), Portalegre (1.9%), Guarda (1.9%), Acores (1.9%), Aveiro (1.9%), Braga (1.3%), Leiria (1.3%), Viseu (1.3%), Braganca (0.6%) (n = 157)	19	72	21L (Omicron) (100.0%) (n = 157)
AY.4.2	144	2021-11-01	2022-01-10	70	7	ALGARVE (46.5%), LX V TEJO (18.8%), NORTE (13.2%), ALENTEJO (8.3%), ACORES-RA (4.9%), MADEIRA-RA (4.2%), CENTRO (4.2%) (n = 144)	Faro (46.5%), Lisboa (13.2%), Porto (5.6%), Acores (4.9%), Setubal (4.9%), Madeira (4.2%), Beja (3.5%), Evora (2.8%), Braga (2.8%), Viseu (2.1%), Braganca (2.1%), Portalegre (1.4%), Coimbra (1.4%), Aveiro (1.4%), Vila Real (1.4%), Santarem (1.4%), Viana do Castelo (0.7%) (n = 144)	17	54	21J (Delta) (100.0%) (n = 144)
AY.42	136	2021-11-01	2022-01-10	70	7	NORTE (47.8%), CENTRO (21.3%), ALENTEJO (11.0%), ACORES-RA (9.6%), LX V TEJO (7.4%), ALGARVE (2.2%), MADEIRA-RA (0.7%) (n = 136)	Porto (26.5%), Viseu (18.4%), Braga (10.3%), Acores (9.6%), Aveiro (6.6%), Setubal (5.9%), Beja (5.1%), Vila Real (3.7%), Lisboa (3.7%), Santarem (3.7%), Faro (2.2%), Braganca (1.5%), Guarda (0.7%), Madeira (0.7%), Coimbra (0.7%), Castelo Branco (0.7%) (n = 136)	16	56	21J (Delta) (100.0%) (n = 136)
AY.103	132	2021-11-01	2022-01-10	70	6	LX V TEJO (34.1%), ALENTEJO (26.5%), NORTE (17.4%), CENTRO (15.9%), ALGARVE (3.8%), ACORES-RA (2.3%) (n = 132)	Lisboa (26.5%), Setubal (14.4%), Braga (9.8%), Viseu (7.6%), Beja (7.6%), Porto (4.5%), Leiria (4.5%), Portalegre (3.8%), Faro (3.8%), Evora (3.8%), Aveiro (3.8%), Santarem (3.8%), Acores (2.3%), Coimbra (1.5%), Castelo Branco (0.8%), Vila Real (0.8%), Guarda (0.8%) (n = 132)	17	54	21J (Delta) (100.0%) (n = 132)
B.1.617.2	124	2021-11-01	2022-01-29	89	7	LX V TEJO (36.3%), ALENTEJO (20.2%), NORTE (13.7%), ALGARVE (12.9%), CENTRO (7.3%), ACORES-RA (7.3%), MADEIRA-RA (2.4%) (n = 124)	Lisboa (25.8%), Faro (12.9%), Setubal (9.7%), Evora (8.9%), Acores (7.3%), Portalegre (6.5%), Porto (5.6%), Castelo Branco (4.8%), Braga (4.0%), Beja (3.2%), Madeira (2.4%), Vila Real (2.4%), Aveiro (1.6%), Leiria (1.6%), Viseu (0.8%), Braganca (0.8%), Coimbra (0.8%), Santarem (0.8%) (n = 124)	18	60	21J (Delta) (95.2%), 21I (Delta) (4.0%), 21A (Delta) (0.8%) (n = 124)
AY.26	108	2021-11-01	2022-01-09	69	6	CENTRO (45.4%), ALENTEJO (28.7%), LX V TEJO (20.4%), NORTE (2.8%), MADEIRA-RA (1.9%), ALGARVE (0.9%) (n = 108)	Castelo Branco (19.4%), Lisboa (15.7%), Evora (13.0%), Beja (12.0%), Guarda (11.1%), Coimbra (7.4%), Leiria (5.6%), Viseu (2.8%), Setubal (2.8%), Porto (1.9%), Madeira (1.9%), Portalegre (1.9%), Santarem (1.9%), Faro (0.9%), Braganca (0.9%), Aveiro (0.9%) (n = 108)	16	47	21I (Delta) (99.1%), 21A (Delta) (0.9%) (n = 108)
AY.102	82	2021-11-01	2021-12-06	35	6	ALENTEJO (43.9%), LX V TEJO (40.2%), ACORES-RA (7.3%), NORTE (6.1%), CENTRO (1.2%), MADEIRA-RA (1.2%) (n = 82)	Evora (26.8%), Lisboa (20.7%), Portalegre (13.4%), Santarem (11.0%), Setubal (8.5%), Acores (7.3%), Braga (3.7%), Beja (3.7%), Porto (2.4%), Madeira (1.2%), Coimbra (1.2%) (n = 82)	11	34	21J (Delta) (100.0%) (n = 82)
AY.121	71	2021-11-02	2021-12-28	56	6	CENTRO (43.7%), ALGARVE (15.5%), LX V TEJO (12.7%), NORTE (11.3%), ALENTEJO (9.9%), MADEIRA-RA (7.0%) (n = 71)	Coimbra (25.4%), Faro (15.5%), Lisboa (8.5%), Beja (8.5%), Madeira (7.0%), Viseu (7.0%), Leiria (5.6%), Vila Real (4.2%), Aveiro (4.2%), Castelo Branco (4.2%), Braganca (2.8%), Porto (1.4%), Setubal (1.4%), Braga (1.4%), Evora (1.4%), Santarem (1.4%) (n = 71)	16	39	21J (Delta) (100.0%) (n = 71)
AY.98.1	59	2021-11-01	2021-12-26	55	7	NORTE (33.9%), ALGARVE (23.7%), CENTRO (18.6%), MADEIRA-RA (10.2%), LX V TEJO (6.8%), ALENTEJO (3.4%), ACORES-RA (3.4%) (n = 59)	Faro (23.7%), Porto (13.6%), Viseu (13.6%), Madeira (10.2%), Aveiro (10.2%), Vila Real (8.5%), Lisboa (6.8%), Braga (5.1%), Acores (3.4%), Leiria (1.7%), Evora (1.7%), Beja (1.7%) (n = 59)	12	37	21J (Delta) (100.0%) (n = 59)
AY.125	59	2021-11-01	2022-01-03	63	6	LX V TEJO (39.0%), NORTE (33.9%), ALGARVE (15.3%), CENTRO (8.5%), ALENTEJO (1.7%), ACORES-RA (1.7%) (n = 59)	Lisboa (27.1%), Porto (23.7%), Faro (15.3%), Santarem (8.5%), Braga (5.1%), Viseu (3.4%), Setubal (3.4%), Vila Real (3.4%), Coimbra (1.7%), Acores (1.7%), Aveiro (1.7%), Leiria (1.7%), Braganca (1.7%), Beja (1.7%) (n = 59)	14	32	21J (Delta) (100.0%) (n = 59)
AY.22	38	2021-11-01	2021-12-21	50	5	LX V TEJO (44.7%), ALENTEJO (15.8%), ACORES-RA (15.8%), CENTRO (13.2%), NORTE (10.5%) (n = 38)	Santarem (34.2%), Acores (15.8%), Beja (13.2%), Aveiro (10.5%), Leiria (5.3%), Lisboa (5.3%), Porto (2.6%), Guarda (2.6%), Vila Real (2.6%), Viana do Castelo (2.6%), Evora (2.6%), Braga (2.6%) (n = 38)	12	22	21J (Delta) (100.0%) (n = 38)
AY.46	36	2021-11-08	2022-01-02	55	5	ALGARVE (47.2%), CENTRO (22.2%), LX V TEJO (19.4%), ALENTEJO (5.6%), NORTE (5.6%) (n = 36)	Faro (47.2%), Coimbra (13.9%), Leiria (8.3%), Santarem (8.3%), Porto (5.6%), Lisboa (5.6%), Beja (5.6%), Setubal (2.8%), Castelo Branco (2.8%) (n = 36)	9	20	21J (Delta) (100.0%) (n = 36)
AY.127	34	2021-11-01	2022-01-03	63	7	ALENTEJO (32.4%), MADEIRA-RA (29.4%), LX V TEJO (14.7%), ACORES-RA (8.8%), CENTRO (5.9%), NORTE (5.9%), ALGARVE (2.9%) (n = 34)	Evora (32.4%), Madeira (29.4%), Lisboa (11.8%), Acores (8.8%), Faro (2.9%), Setubal (2.9%), Braga (2.9%), Aveiro (2.9%), Coimbra (2.9%), Castelo Branco (2.9%) (n = 34)	10	15	21J (Delta) (100.0%) (n = 34)
AY.126	27	2021-11-01	2021-12-27	56	6	NORTE (48.1%), LX V TEJO (29.6%), CENTRO (7.4%), ACORES-RA (7.4%), ALGARVE (3.7%), MADEIRA-RA (3.7%) (n = 27)	Lisboa (25.9%), Porto (22.2%), Aveiro (11.1%), Acores (7.4%), Viseu (7.4%), Guarda (7.4%), Madeira (3.7%), Faro (3.7%), Setubal (3.7%), Vila Real (3.7%), Braga (3.7%) (n = 27)	11	17	21J (Delta) (100.0%) (n = 27)
AY.36	26	2021-11-13	2022-01-09	57	4	ACORES-RA (61.5%), NORTE (23.1%), CENTRO (11.5%), ALENTEJO (3.8%) (n = 26)	Acores (61.5%), Aveiro (23.1%), Castelo Branco (7.7%), Porto (3.8%), Evora (3.8%) (n = 26)	5	7	21J (Delta) (100.0%) (n = 26)
AY.34.1	24	2021-11-01	2021-12-21	50	5	LX V TEJO (62.5%), ALENTEJO (20.8%), NORTE (8.3%), CENTRO (4.2%), MADEIRA-RA (4.2%) (n = 24)	Lisboa (33.3%), Santarem (29.2%), Portalegre (20.8%), Braga (8.3%), Madeira (4.2%), Viseu (4.2%) (n = 24)	6	9	21J (Delta) (100.0%) (n = 24)
AY.117	22	2021-11-01	2021-12-13	42	3	CENTRO (81.8%), ALGARVE (13.6%), NORTE (4.5%) (n = 22)	Castelo Branco (77.3%), Faro (13.6%), Porto (4.5%), Leiria (4.5%) (n = 22)	4	9	21J (Delta) (100.0%) (n = 22)
AY.94	21	2021-11-02	2021-12-27	55	4	NORTE (76.2%), CENTRO (14.3%), ALENTEJO (4.8%), LX V TEJO (4.8%) (n = 21)	Porto (52.4%), Aveiro (19.0%), Braga (14.3%), Portalegre (4.8%), Viseu (4.8%), Setubal (4.8%) (n = 21)	6	15	21J (Delta) (100.0%) (n = 21)
AY.6	20	2021-11-08	2021-12-14	36	4	ALENTEJO (65.0%), LX V TEJO (15.0%), NORTE (10.0%), ALGARVE (10.0%) (n = 20)	Beja (60.0%), Lisboa (15.0%), Faro (10.0%), Porto (5.0%), Evora (5.0%), Aveiro (5.0%) (n = 20)	6	9	21J (Delta) (100.0%) (n = 20)
AY.46.6	20	2021-11-01	2022-01-02	62	5	CENTRO (35.0%), NORTE (30.0%), ALENTEJO (15.0%), MADEIRA-RA (10.0%), ACORES-RA (10.0%) (n = 20)	Leiria (20.0%), Porto (15.0%), Evora (15.0%), Madeira (10.0%), Acores (10.0%), Braganca (10.0%), Coimbra (5.0%), Vila Real (5.0%), Guarda (5.0%), Castelo Branco (5.0%) (n = 20)	10	15	21J (Delta) (100.0%) (n = 20)
AY.9.2	18	2021-11-08	2021-12-27	49	4	LX V TEJO (44.4%), ALGARVE (33.3%), ACORES-RA (16.7%), NORTE (5.6%) (n = 18)	Faro (33.3%), Lisboa (33.3%), Acores (16.7%), Santarem (11.1%), Porto (5.6%) (n = 18)	5	13	21I (Delta) (100.0%) (n = 18)
AY.5.4	17	2021-11-01	2021-12-12	41	2	NORTE (88.2%), CENTRO (11.8%) (n = 17)	Porto (41.2%), Vila Real (35.3%), Coimbra (5.9%), Aveiro (5.9%), Braga (5.9%), Castelo Branco (5.9%) (n = 17)	6	11	21J (Delta) (100.0%) (n = 17)
AY.4.9	16	2021-11-07	2021-12-27	50	3	NORTE (87.5%), ALGARVE (6.2%), LX V TEJO (6.2%) (n = 16)	Braga (50.0%), Porto (18.8%), Aveiro (18.8%), Faro (6.2%), Lisboa (6.2%) (n = 16)	5	12	21J (Delta) (100.0%) (n = 16)
AY.120	14	2021-11-01	2021-12-14	43	6	NORTE (50.0%), ALENTEJO (21.4%), ALGARVE (7.1%), CENTRO (7.1%), LX V TEJO (7.1%), ACORES-RA (7.1%) (n = 14)	Porto (28.6%), Beja (21.4%), Braganca (14.3%), Acores (7.1%), Faro (7.1%), Coimbra (7.1%), Lisboa (7.1%), Braga (7.1%) (n = 14)	8	10	21J (Delta) (100.0%) (n = 14)
AY.33	14	2021-11-02	2021-12-14	42	4	LX V TEJO (35.7%), ACORES-RA (28.6%), ALENTEJO (28.6%), CENTRO (7.1%) (n = 14)	Santarem (35.7%), Acores (28.6%), Evora (28.6%), Coimbra (7.1%) (n = 14)	4	7	21J (Delta) (100.0%) (n = 14)
AY.129	12	2021-11-09	2021-12-26	47	4	ALENTEJO (58.3%), NORTE (16.7%), LX V TEJO (16.7%), MADEIRA-RA (8.3%) (n = 12)	Beja (58.3%), Madeira (8.3%), Vila Real (8.3%), Leiria (8.3%), Lisboa (8.3%), Braga (8.3%) (n = 12)	6	7	21J (Delta) (100.0%) (n = 12)
AY.91	12	2021-11-02	2021-12-05	33	5	CENTRO (33.3%), ACORES-RA (25.0%), NORTE (25.0%), MADEIRA-RA (8.3%), LX V TEJO (8.3%) (n = 12)	Acores (25.0%), Viseu (25.0%), Porto (16.7%), Madeira (8.3%), Lisboa (8.3%), Aveiro (8.3%), Guarda (8.3%) (n = 12)	7	9	21J (Delta) (100.0%) (n = 12)
AY.4.2.1	11	2021-11-08	2021-12-26	48	5	ALGARVE (27.3%), NORTE (27.3%), ALENTEJO (18.2%), ACORES-RA (18.2%), LX V TEJO (9.1%) (n = 11)	Faro (27.3%), Braga (27.3%), Acores (18.2%), Beja (18.2%), Lisboa (9.1%) (n = 11)	5	8	21J (Delta) (100.0%) (n = 11)
AY.99.2	9	2021-11-01	2021-11-28	27	5	LX V TEJO (33.3%), ACORES-RA (22.2%), NORTE (22.2%), ALGARVE (11.1%), CENTRO (11.1%) (n = 9)	Setubal (33.3%), Acores (22.2%), Porto (11.1%), Faro (11.1%), Braga (11.1%), Castelo Branco (11.1%) (n = 9)	6	7	21J (Delta) (100.0%) (n = 9)
AY.34	8	2021-11-07	2022-01-03	57	3	ALGARVE (50.0%), NORTE (37.5%), LX V TEJO (12.5%) (n = 8)	Faro (50.0%), Porto (25.0%), Vila Real (12.5%), Lisboa (12.5%) (n = 8)	4	5	21J (Delta) (100.0%) (n = 8)
AY.25.1	7	2021-11-29	2022-01-04	36	1	ACORES-RA (100.0%) (n = 7)	Acores (100.0%) (n = 7)	1	2	21J (Delta) (100.0%) (n = 7)
AY.25	7	2021-12-06	2022-01-09	34	2	ACORES-RA (85.7%), NORTE (14.3%) (n = 7)	Acores (85.7%), Braga (14.3%) (n = 7)	2	5	21J (Delta) (100.0%) (n = 7)
AY.39	6	2021-11-08	2021-11-28	20	3	LX V TEJO (50.0%), NORTE (33.3%), ACORES-RA (16.7%) (n = 6)	Lisboa (50.0%), Porto (16.7%), Acores (16.7%), Braga (16.7%) (n = 6)	4	5	21J (Delta) (100.0%) (n = 6)
AY.4.5	6	2021-11-20	2021-12-20	30	2	CENTRO (83.3%), ALGARVE (16.7%) (n = 6)	Viseu (50.0%), Castelo Branco (33.3%), Faro (16.7%) (n = 6)	3	4	21J (Delta) (100.0%) (n = 6)
AY.85	6	2021-11-01	2021-11-28	27	3	ALGARVE (50.0%), ALENTEJO (33.3%), NORTE (16.7%) (n = 6)	Faro (50.0%), Evora (33.3%), Porto (16.7%) (n = 6)	3	5	21J (Delta) (100.0%) (n = 6)
AY.44	6	2021-11-01	2021-12-05	34	3	CENTRO (50.0%), LX V TEJO (33.3%), NORTE (16.7%) (n = 6)	Castelo Branco (50.0%), Setubal (33.3%), Porto (16.7%) (n = 6)	3	6	21J (Delta) (100.0%) (n = 6)
AY.118	6	2021-11-23	2022-01-09	47	3	CENTRO (50.0%), ALENTEJO (33.3%), LX V TEJO (16.7%) (n = 6)	Coimbra (33.3%), Viseu (16.7%), Lisboa (16.7%), Evora (16.7%), Beja (16.7%) (n = 6)	5	6	21J (Delta) (100.0%) (n = 6)
AY.4.2.2	6	2021-11-23	2021-12-20	27	1	ALGARVE (100.0%) (n = 6)	Faro (100.0%) (n = 6)	1	4	21J (Delta) (100.0%) (n = 6)
AY.4.10	4	2021-12-14	2022-01-04	21	3	MADEIRA-RA (50.0%), CENTRO (25.0%), ALENTEJO (25.0%) (n = 4)	Madeira (50.0%), Beja (25.0%), Aveiro (25.0%) (n = 4)	3	3	21J (Delta) (100.0%) (n = 4)
AY.109	4	2021-11-21	2021-12-06	15	2	CENTRO (50.0%), NORTE (50.0%) (n = 4)	Coimbra (25.0%), Vila Real (25.0%), Guarda (25.0%), Braga (25.0%) (n = 4)	4	4	21J (Delta) (100.0%) (n = 4)
AY.112	4	2021-11-15	2021-12-26	41	3	NORTE (50.0%), CENTRO (25.0%), LX V TEJO (25.0%) (n = 4)	Coimbra (25.0%), Santarem (25.0%), Viseu (25.0%), Aveiro (25.0%) (n = 4)	4	4	21J (Delta) (100.0%) (n = 4)
AY.4.2.3	3	2021-11-19	2022-01-02	44	3	CENTRO (33.3%), NORTE (33.3%), LX V TEJO (33.3%) (n = 3)	Viana do Castelo (33.3%), Viseu (33.3%), Setubal (33.3%) (n = 3)	3	3	21J (Delta) (100.0%) (n = 3)
AY.66	3	2021-11-02	2021-11-09	7	1	ALENTEJO (100.0%) (n = 3)	Beja (100.0%) (n = 3)	1	1	21I (Delta) (100.0%) (n = 3)
AY.98	3	2021-11-08	2021-12-27	49	1	NORTE (100.0%) (n = 3)	Porto (66.7%), Viana do Castelo (33.3%) (n = 3)	2	3	21J (Delta) (100.0%) (n = 3)
AY.123	3	2021-11-02	2021-11-08	6	2	LX V TEJO (66.7%), CENTRO (33.3%) (n = 3)	Lisboa (66.7%), Coimbra (33.3%) (n = 3)	2	2	21J (Delta) (100.0%) (n = 3)
AY.116	3	2021-12-13	2021-12-14	1	1	ACORES-RA (100.0%) (n = 3)	Acores (100.0%) (n = 3)	1	1	21J (Delta) (100.0%) (n = 3)
AY.106	3	2021-11-28	2021-12-19	21	2	NORTE (66.7%), ALGARVE (33.3%) (n = 3)	Porto (66.7%), Faro (33.3%) (n = 3)	2	3	21J (Delta) (100.0%) (n = 3)
AY.133	3	2021-11-14	2021-11-16	2	1	NORTE (100.0%) (n = 3)	Vila Real (100.0%) (n = 3)	1	2	21I (Delta) (100.0%) (n = 3)
AY.3	2	2021-11-29	2021-12-13	14	2	CENTRO (50.0%), ALGARVE (50.0%) (n = 2)	Coimbra (50.0%), Faro (50.0%) (n = 2)	2	2	21J (Delta) (100.0%) (n = 2)
AY.121.1	2	2021-11-05	2021-11-16	11	2	CENTRO (50.0%), NORTE (50.0%) (n = 2)	Porto (50.0%), Guarda (50.0%) (n = 2)	2	2	21J (Delta) (100.0%) (n = 2)
AY.43.1	2	2021-11-06	2021-11-14	8	1	LX V TEJO (100.0%) (n = 2)	Lisboa (100.0%) (n = 2)	1	2	21J (Delta) (100.0%) (n = 2)
AY.43.4	2	2022-01-11	2022-01-11	0	1	NORTE (100.0%) (n = 2)	Braga (100.0%) (n = 2)	1	1	21J (Delta) (100.0%) (n = 2)
AY.45	2	2021-12-13	2021-12-13	0	1	ALENTEJO (100.0%) (n = 2)	Portalegre (50.0%), Beja (50.0%) (n = 2)	2	2	21J (Delta) (100.0%) (n = 2)
AY.122.2	2	2021-11-25	2021-11-25	0	1	NORTE (100.0%) (n = 2)	Porto (100.0%) (n = 2)	1	2	21J (Delta) (100.0%) (n = 2)
AY.23	2	2021-11-15	2021-12-14	29	2	CENTRO (50.0%), LX V TEJO (50.0%) (n = 2)	Lisboa (50.0%), Aveiro (50.0%) (n = 2)	2	2	21J (Delta) (100.0%) (n = 2)
AY.70	2	2021-11-13	2021-11-16	3	1	NORTE (100.0%) (n = 2)	Braga (100.0%) (n = 2)	1	1	21I (Delta) (100.0%) (n = 2)
AY.119	2	2021-11-08	2021-11-15	7	1	ACORES-RA (100.0%) (n = 2)	Acores (100.0%) (n = 2)	1	1	21J (Delta) (100.0%) (n = 2)
B.1.36.17	1	2021-11-06	2021-11-06	0	1	LX V TEJO (100.0%) (n = 1)	Lisboa (100.0%) (n = 1)	1	1	20A (100.0%) (n = 1)
AY.128	1	2021-11-24	2021-11-24	0	1	ACORES-RA (100.0%) (n = 1)	Acores (100.0%) (n = 1)	1	1	21J (Delta) (100.0%) (n = 1)
AY.4.6	1	2021-11-09	2021-11-09	0	1	LX V TEJO (100.0%) (n = 1)	Lisboa (100.0%) (n = 1)	1	1	21J (Delta) (100.0%) (n = 1)
AY.88	1	2021-11-01	2021-11-01	0	1	CENTRO (100.0%) (n = 1)	Coimbra (100.0%) (n = 1)	1	1	21J (Delta) (100.0%) (n = 1)
AY.15	1	2021-12-04	2021-12-04	0	1	LX V TEJO (100.0%) (n = 1)	Santarem (100.0%) (n = 1)	1	1	21J (Delta) (100.0%) (n = 1)
AY.122.4	1	2021-11-18	2021-11-18	0	1	NORTE (100.0%) (n = 1)	Viana do Castelo (100.0%) (n = 1)	1	1	21J (Delta) (100.0%) (n = 1)
AY.92	1	2021-12-11	2021-12-11	0	1	CENTRO (100.0%) (n = 1)	Coimbra (100.0%) (n = 1)	1	1	21J (Delta) (100.0%) (n = 1)
AY.4.7	1	2021-11-13	2021-11-13	0	1	CENTRO (100.0%) (n = 1)	Coimbra (100.0%) (n = 1)	1	1	21J (Delta) (100.0%) (n = 1)
AY.25.3	1	2021-11-14	2021-11-14	0	1	ALGARVE (100.0%) (n = 1)	Faro (100.0%) (n = 1)	1	1	21J (Delta) (100.0%) (n = 1)
AY.78	1	2021-12-04	2021-12-04	0	1	ALENTEJO (100.0%) (n = 1)	Beja (100.0%) (n = 1)	1	1	21J (Delta) (100.0%) (n = 1)
AY.32	1	2021-11-09	2021-11-09	0	1	CENTRO (100.0%) (n = 1)	Coimbra (100.0%) (n = 1)	1	1	21J (Delta) (100.0%) (n = 1)
AY.119.1	1	2021-12-13	2021-12-13	0	1	NORTE (100.0%) (n = 1)	Porto (100.0%) (n = 1)	1	1	21J (Delta) (100.0%) (n = 1)
AY.111	1	2021-11-27	2021-11-27	0	1	NORTE (100.0%) (n = 1)	Aveiro (100.0%) (n = 1)	1	1	21J (Delta) (100.0%) (n = 1)
AY.4.4	1	2021-11-15	2021-11-15	0	1	ALGARVE (100.0%) (n = 1)	Faro (100.0%) (n = 1)	1	1	21J (Delta) (100.0%) (n = 1)
AY.123.1	1	2021-12-27	2021-12-27	0	1	LX V TEJO (100.0%) (n = 1)	Leiria (100.0%) (n = 1)	1	1	21J (Delta) (100.0%) (n = 1)
AY.39.2	1	2021-11-07	2021-11-07	0	1	LX V TEJO (100.0%) (n = 1)	Lisboa (100.0%) (n = 1)	1	1	21J (Delta) (100.0%) (n = 1)
AY.100	1	2021-12-19	2021-12-19	0	1	LX V TEJO (100.0%) (n = 1)	Lisboa (100.0%) (n = 1)	1	1	21J (Delta) (100.0%) (n = 1)
