strain	genbank_accession	date	iso_year	iso_week_nr	iso_week	country	host	completeness	length	Nextstrain_clade	pangolin_lineage	Nextstrain_clade_usher	pango_lineage_usher	avg_clade-2x1.0
CHN/HG20230331-145/2023|C_AA008528.1|2023-03-30		2023-03-30	2023	13	2023W13	China	Homo sapiens	Complete	29772	23A	BA.2	22F (Omicron)	XBB.1.16.1	cluster_336461
CHN/SH-HG20230404-167/2023|C_AA009133.1|2023-04-03		2023-04-03	2023	14	2023W14	China	Homo sapiens	Complete	29772	23A	BA.2	22F (Omicron)	XBB.1.16.1	cluster_336348
CHN/SH-HG20230410-190/2023|C_AA010850.1|2023-04-07		2023-04-07	2023	14	2023W14	China	Homo sapiens	Complete	29744	23B	BA.2	22F (Omicron)	XBB.1.16.1	singleton_243901
CHN/SH-HG20230411-201/2023|C_AA010860.1|2023-04-10		2023-04-10	2023	15	2023W15	China	Homo sapiens	Complete	29770	23B	BA.2	22F (Omicron)	XBB.1.16.1	cluster_336381
CHN/SH-HG20230412-207/2023|C_AA010866.1|2023-04-11		2023-04-11	2023	15	2023W15	China	Homo sapiens	Complete	29772	23B	BA.2	22F (Omicron)	XBB.1.16.1	cluster_337886
CHN/SH-PD202304070004/2023|C_AA010881.1|2023-04-05		2023-04-05	2023	14	2023W14	China	Homo sapiens	Complete	29782	23B	BA.2	22F (Omicron)	XBB.1.16.1	cluster_337435
CHN/SH-PD202304070006/2023|C_AA010882.1|2023-04-05		2023-04-05	2023	14	2023W14	China	Homo sapiens	Complete	29782	23B	BA.2	22F (Omicron)	XBB.1.16.1	cluster_337435
CHN/SH-XG2304-2050/2023|C_AA010908.1|2023-03-30		2023-03-30	2023	13	2023W13	China	Homo sapiens	Complete	29772	23B	BA.2	22F (Omicron)	XBB.1.16.1	cluster_337010
CHN/ZJCDC708/2023|C_AA008790.1|2023-04-02		2023-04-02	2023	13	2023W13	China	Homo sapiens	Complete	29697	23A	BA.2	22F (Omicron)	XBB.1.16.1	cluster_337886
CHN/ZJCDC709/2023|C_AA008791.1|2023-04-02		2023-04-02	2023	13	2023W13	China	Homo sapiens	Complete	29700	23A	BA.2	22F (Omicron)	XBB.1.16.1	cluster_337886
CHN/ZJCDC710/2023|C_AA008792.1|2023-04-02		2023-04-02	2023	13	2023W13	China	Homo sapiens	Complete	29689	23A	BA.2	22F (Omicron)	XBB.1.16.1	cluster_337886
CHN/ZJCDC711/2023|C_AA008793.1|2023-04-02		2023-04-02	2023	13	2023W13	China	Homo sapiens	Complete	29699	23A	BA.2	22F (Omicron)	XBB.1.16.1	cluster_337886
CHN/ZJCDC712/2023|C_AA008794.1|2023-04-02		2023-04-02	2023	13	2023W13	China	Homo sapiens	Complete	29689	23A	BA.2	22F (Omicron)	XBB.1.16.1	cluster_337886
CHN/ZJCDC718/2023|C_AA008800.1|2023-03-31		2023-03-31	2023	13	2023W13	China	Homo sapiens	Complete	29697	23A	BA.2	22F (Omicron)	XBB.1.16.1	cluster_337886
CHN/ZJCDC750/2023|C_AA009614.1|2023-04-02		2023-04-02	2023	13	2023W13	China	Homo sapiens	Complete	29697	23B	BA.2	22F (Omicron)	XBB.1.16.1	cluster_337886
CHN/ZJCDC751/2023|C_AA009615.1|2023-04-02		2023-04-02	2023	13	2023W13	China	Homo sapiens	Complete	29700	23B	BA.2	22F (Omicron)	XBB.1.16.1	cluster_337886
CHN/ZJCDC752/2023|C_AA009616.1|2023-04-02		2023-04-02	2023	13	2023W13	China	Homo sapiens	Complete	29689	23B	BA.2	22F (Omicron)	XBB.1.16.1	cluster_337886
CHN/ZJCDC753/2023|C_AA009617.1|2023-04-02		2023-04-02	2023	13	2023W13	China	Homo sapiens	Complete	29699	23B	BA.2	22F (Omicron)	XBB.1.16.1	cluster_337886
CHN/ZJCDC754/2023|C_AA009618.1|2023-04-02		2023-04-02	2023	13	2023W13	China	Homo sapiens	Complete	29689	23B	BA.2	22F (Omicron)	XBB.1.16.1	cluster_337886
CHN/ZJCDC760/2023|C_AA009624.1|2023-03-31		2023-03-31	2023	13	2023W13	China	Homo sapiens	Complete	29697	23B	BA.2	22F (Omicron)	XBB.1.16.1	cluster_337886
England/BRBR-326F8A4A/2023|OX454078.1|2023-03-07	OX454078.1	2023-03-07	2023	10	2023W10	England	Homo sapiens		29847	23A	BA.2	22F (Omicron)	XBB.1.16.1	cluster_337562
England/BRBR-3270070B/2023|OX454010.1|2023-03-10	OX454010.1	2023-03-10	2023	10	2023W10	England	Homo sapiens		29847	22F	BA.2	22F (Omicron)	XBB.1.16.1	cluster_337562
England/BRBR-3270A18B/2023|2023-03-17		2023-03-17	2023	11	2023W11	England				23A	BA.2	22F (Omicron)	XBB.1.16.1	cluster_336381
England/BRBR-3270A18B/2023|OX458889.1|2023-03-17	OX458889.1	2023-03-17	2023	11	2023W11	England	Homo sapiens		29847	23A	BA.2	22F (Omicron)	XBB.1.16.1	cluster_336381
England/BRBR-3270A1C7/2023|2023-03-17		2023-03-17	2023	11	2023W11	England				23A	BA.2	22F (Omicron)	XBB.1.16.1	cluster_337886
England/BRBR-3270A1C7/2023|OX458658.1|2023-03-17	OX458658.1	2023-03-17	2023	11	2023W11	England	Homo sapiens		29847	23A	BA.2	22F (Omicron)	XBB.1.16.1	cluster_337886
England/BRBR-3270A1F4/2023|2023-03-17		2023-03-17	2023	11	2023W11	England				23A	BA.2	22F (Omicron)	XBB.1.16.1	cluster_337886
England/BRBR-3270A1F4/2023|OX458423.1|2023-03-17	OX458423.1	2023-03-17	2023	11	2023W11	England	Homo sapiens		29847	23A	BA.2	22F (Omicron)	XBB.1.16.1	cluster_337886
England/BRBR-3270A992/2023|2023-03-17		2023-03-17	2023	11	2023W11	England				23A	BA.2	22F (Omicron)	XBB.1.16.1	cluster_336381
England/BRBR-3270A992/2023|OX458355.1|2023-03-17	OX458355.1	2023-03-17	2023	11	2023W11	England	Homo sapiens		29847	23A	BA.2	22F (Omicron)	XBB.1.16.1	cluster_336381
England/BRBR-3270AA08/2023|2023-03-17		2023-03-17	2023	11	2023W11	England				23A	BA.2	22F (Omicron)	XBB.1.16.1	cluster_336381
England/BRBR-3270AA08/2023|OX458743.1|2023-03-17	OX458743.1	2023-03-17	2023	11	2023W11	England	Homo sapiens		29847	23A	BA.2	22F (Omicron)	XBB.1.16.1	cluster_336381
England/BRBR-3270AA53/2023|2023-03-17		2023-03-17	2023	11	2023W11	England				23A	BA.2	22F (Omicron)	XBB.1.16.1	cluster_336381
England/BRBR-3270AA53/2023|OX458493.1|2023-03-17	OX458493.1	2023-03-17	2023	11	2023W11	England	Homo sapiens		29847	23A	BA.2	22F (Omicron)	XBB.1.16.1	cluster_336381
England/BRBR-3270AACC/2023|OX458886.1|2023-03-17	OX458886.1	2023-03-17	2023	11	2023W11	England	Homo sapiens		29847	23A	BA.2	22F (Omicron)	XBB.1.16.1	cluster_337886
England/BRBR-3270AB05/2023|2023-03-17		2023-03-17	2023	11	2023W11	England				23A	BA.2	22F (Omicron)	XBB.1.16.1	cluster_336381
England/BRBR-3270AB05/2023|OX458344.1|2023-03-17	OX458344.1	2023-03-17	2023	11	2023W11	England	Homo sapiens		29847	23A	BA.2	22F (Omicron)	XBB.1.16.1	cluster_336381
England/BRBR-3270AB32/2023|2023-03-17		2023-03-17	2023	11	2023W11	England				23A	BA.2	22F (Omicron)	XBB.1.16.1	cluster_336381
England/BRBR-3270AB32/2023|OX458843.1|2023-03-17	OX458843.1	2023-03-17	2023	11	2023W11	England	Homo sapiens		29847	23A	BA.2	22F (Omicron)	XBB.1.16.1	cluster_336381
England/BRBR-3270ABAB/2023|2023-03-17		2023-03-17	2023	11	2023W11	England				23A	BA.2	22F (Omicron)	XBB.1.16.1	cluster_336381
England/BRBR-3270ABAB/2023|OX458891.1|2023-03-17	OX458891.1	2023-03-17	2023	11	2023W11	England	Homo sapiens		29847	23A	BA.2	22F (Omicron)	XBB.1.16.1	cluster_336381
England/BRBR-3271393C/2023|2023-03-25		2023-03-25	2023	12	2023W12	England				23A	BA.2	22F (Omicron)	XBB.1.16.1	cluster_337401
England/BRBR-3271393C/2023|OX462110.1|2023-03-25	OX462110.1	2023-03-25	2023	12	2023W12	England	Homo sapiens		29847	23A	BA.2	22F (Omicron)	XBB.1.16.1	cluster_337401
England/PHEC-YYE19M6/2023|2023-04-04		2023-04-04	2023	14	2023W14	England				23A	BA.2	22F (Omicron)	XBB.1.16.1	singleton_243491
England/PHEC-YYE1H7H/2023|2023-04-05		2023-04-05	2023	14	2023W14	England				23A	BA.2	22F (Omicron)	XBB.1.16.1	cluster_337245
England/PHEC-YYEOSGI/2023|2023-03-25		2023-03-25	2023	12	2023W12	England				22F	BA.2	22F (Omicron)	XBB.1.16.1	cluster_337886
England/PHEC-YYEQJUC/2023|2023-03-18		2023-03-18	2023	11	2023W11	England				23A	BA.2	22F (Omicron)	XBB.1.16.1	cluster_336630
England/PHEC-YYET1UH/2023|2023-03-26		2023-03-26	2023	12	2023W12	England				23A	BA.2	22F (Omicron)	XBB.1.16.1	cluster_337562
England/PHEC-YYETNBT/2023|2023-03-27		2023-03-27	2023	13	2023W13	England				23A	BA.2	22F (Omicron)	XBB.1.16.1	cluster_336381
England/PHEC-YYEU1C8/2023|2023-04-06		2023-04-06	2023	14	2023W14	England				23A	BA.2	22F (Omicron)	XBB.1.16.1	cluster_336504
England/PHEC-YYEU91P/2023|2023-04-06		2023-04-06	2023	14	2023W14	England				23A	BA.2	22F (Omicron)	XBB.1.16.1	cluster_337009
England/PHEC-YYEUJGH/2023|2023-04-09		2023-04-09	2023	14	2023W14	England				23A	BA.2	22F (Omicron)	XBB.1.16.1	singleton_243474
England/PHEC-YYEUJUB/2023|2023-04-06		2023-04-06	2023	14	2023W14	England				23A	Unassigned	22F (Omicron)	XBB.1.16.1	cluster_337245
England/PHEC-YYEUK6K/2023|2023-04-06		2023-04-06	2023	14	2023W14	England				23A	BA.2	22F (Omicron)	XBB.1.16.1	singleton_243783
England/PHEC-YYEWGOE/2023|2023-04-10		2023-04-10	2023	15	2023W15	England				23A	BA.2	22F (Omicron)	XBB.1.16.1	singleton_243590
England/PHEC-YYEXNCY/2023|2023-03-20		2023-03-20	2023	12	2023W12	England				23A	BA.2	22F (Omicron)	XBB.1.16.1	cluster_337886
England/PHEC-YYEXNJG/2023|2023-03-20		2023-03-20	2023	12	2023W12	England				23A	BA.2	22F (Omicron)	XBB.1.16.1	cluster_337886
England/PHEC-YYEXNRO/2023|2023-03-20		2023-03-20	2023	12	2023W12	England				23A	BA.2	22F (Omicron)	XBB.1.16.1	cluster_337886
England/PHEP-YYG1DWJ/2023|2023-03-19		2023-03-19	2023	11	2023W11	England				23A	BA.2	22F (Omicron)	XBB.1.16.1	cluster_337009
England/PHEP-YYG1ZEQ/2023|2023-04-07		2023-04-07	2023	14	2023W14	England				23A	BA.2	22F (Omicron)	XBB.1.16.1	cluster_337010
England/PHEP-YYGT78C/2023|2023-03-21		2023-03-21	2023	12	2023W12	England				23A	BA.2	22F (Omicron)	XBB.1.16.1	cluster_337886
England/PHEP-YYGURE9/2023|2023-04-10		2023-04-10	2023	15	2023W15	England				23B	Unassigned	22F (Omicron)	XBB.1.16.1	cluster_336630
England/QEUH-326F4BC3/2023|OX452305.1|2023-03-02	OX452305.1	2023-03-02	2023	9	2023W09	England	Homo sapiens		29847	23A	BA.2	22F (Omicron)	XBB.1.16.1	cluster_336381
England/QEUH-326F76ED/2023|OX455077.1|2023-03-02	OX455077.1	2023-03-02	2023	9	2023W09	England	Homo sapiens		29847	23A	BA.2	22F (Omicron)	XBB.1.16.1	cluster_336381
IND/2819/2023|OQ701227.1|2023-03-11	OQ701227.1	2023-03-11	2023	10	2023W10	India	Homo sapiens		29769	23A	BA.2	22F (Omicron)	XBB.1.16.1	cluster_336869
IND/2820/2023|OQ701228.1|2023-03-04	OQ701228.1	2023-03-04	2023	9	2023W09	India	Homo sapiens		29770	23A	BA.2	22F (Omicron)	XBB.1.16.1	cluster_336959
IND/2872/2023|OQ701252.1|2023-03-02	OQ701252.1	2023-03-02	2023	9	2023W09	India	Homo sapiens		29770	23A	BA.2	22F (Omicron)	XBB.1.16.1	cluster_337053
IND/2885/2023|OQ701259.1|2023-03-10	OQ701259.1	2023-03-10	2023	10	2023W10	India	Homo sapiens		29764	23A	BA.2	22F (Omicron)	XBB.1.16.1	cluster_336960
IND/2890/2023|OQ704263.1|2023-03-13	OQ704263.1	2023-03-13	2023	11	2023W11	India	Homo sapiens		29711	23A	BA.2	22F (Omicron)	XBB.1.16.1	cluster_336913
IND/2892/2023|OQ701260.1|2023-03-14	OQ701260.1	2023-03-14	2023	11	2023W11	India	Homo sapiens		29764	22F	Unassigned	22F (Omicron)	XBB.1.16.1	cluster_337095
IND/2900/2023|OQ701265.1|2023-03-05	OQ701265.1	2023-03-05	2023	9	2023W09	India	Homo sapiens		29703	23A	Unassigned	22F (Omicron)	XBB.1.16.1	cluster_337053
IND/2907/2023|OQ701270.1|2023-03-06	OQ701270.1	2023-03-06	2023	10	2023W10	India	Homo sapiens		29798	23A	BA.2	22F (Omicron)	XBB.1.16.1	cluster_337053
IND/2909/2023|OQ701271.1|2023-03-08	OQ701271.1	2023-03-08	2023	10	2023W10	India	Homo sapiens		29764	22F	BA.2	22F (Omicron)	XBB.1.16.1	singleton_243434
IND/2911/2023|OQ701273.1|2023-03-06	OQ701273.1	2023-03-06	2023	10	2023W10	India	Homo sapiens		29767	23A	BA.2	22F (Omicron)	XBB.1.16.1	cluster_336753
IND/2912/2023|OQ701274.1|2023-03-07	OQ701274.1	2023-03-07	2023	10	2023W10	India	Homo sapiens		29773	23A	BA.2	22F (Omicron)	XBB.1.16.1	cluster_336753
IND/2914/2023|OQ701276.1|2023-03-07	OQ701276.1	2023-03-07	2023	10	2023W10	India	Homo sapiens		29767	23A	BA.2	22F (Omicron)	XBB.1.16.1	singleton_243234
IND/2915/2023|OQ701277.1|2023-03-02	OQ701277.1	2023-03-02	2023	9	2023W09	India	Homo sapiens		29768	22F	BA.2	22F (Omicron)	XBB.1.16.1	cluster_336753
IND/2918/2023|OQ701278.1|2023-03-02	OQ701278.1	2023-03-02	2023	9	2023W09	India	Homo sapiens		29764	23A	BA.2	22F (Omicron)	XBB.1.16.1	cluster_336869
IND/2922/2023|OQ701280.1|2023-03-08	OQ701280.1	2023-03-08	2023	10	2023W10	India	Homo sapiens		29710	23A	BA.2	22F (Omicron)	XBB.1.16.1	cluster_337010
IND/2923/2023|OQ701281.1|2023-02-28	OQ701281.1	2023-02-28	2023	9	2023W09	India	Homo sapiens		29764	23A	BA.2	22F (Omicron)	XBB.1.16.1	singleton_243333
IND/2924/2023|OQ701282.1|2023-03-08	OQ701282.1	2023-03-08	2023	10	2023W10	India	Homo sapiens		29766	23A	BA.2	22F (Omicron)	XBB.1.16.1	cluster_336869
IND/2925/2023|OQ701283.1|2023-03-08	OQ701283.1	2023-03-08	2023	10	2023W10	India	Homo sapiens		29757	23A	BA.2	22F (Omicron)	XBB.1.16.1	cluster_336381
IND/2928/2023|OQ701286.1|2023-03-08	OQ701286.1	2023-03-08	2023	10	2023W10	India	Homo sapiens		29769	23A	BA.2	22F (Omicron)	XBB.1.16.1	singleton_243235
IND/2936/2023|OQ701290.1|2023-03-03	OQ701290.1	2023-03-03	2023	9	2023W09	India	Homo sapiens		29767	23A	BA.2	22F (Omicron)	XBB.1.16.1	cluster_336381
IND/2937/2023|OQ701291.1|2023-03-02	OQ701291.1	2023-03-02	2023	9	2023W09	India	Homo sapiens		29765	22F	BA.2	22F (Omicron)	XBB.1.16.1	cluster_337053
IND/2938/2023|OQ701292.1|2023-03-07	OQ701292.1	2023-03-07	2023	10	2023W10	India	Homo sapiens		29758	23A	BA.2	22F (Omicron)	XBB.1.16.1	cluster_337053
IND/2939/2023|OQ701293.1|2023-03-07	OQ701293.1	2023-03-07	2023	10	2023W10	India	Homo sapiens		29708	23A	BA.2	22F (Omicron)	XBB.1.16.1	singleton_243360
IND/2941/2023|OQ701295.1|2023-03-08	OQ701295.1	2023-03-08	2023	10	2023W10	India	Homo sapiens		29780	23A	Unassigned	22F (Omicron)	XBB.1.16.1	singleton_243809
IND/2946/2023|OQ701300.1|2023-03-09	OQ701300.1	2023-03-09	2023	10	2023W10	India	Homo sapiens		29779	22F	BA.2	22F (Omicron)	XBB.1.16.1	singleton_243385
IND/2947/2023|OQ701301.1|2023-03-10	OQ701301.1	2023-03-10	2023	10	2023W10	India	Homo sapiens		29766	23A	BA.2	22F (Omicron)	XBB.1.16.1	cluster_336959
IND/2948/2023|OQ701302.1|2023-03-10	OQ701302.1	2023-03-10	2023	10	2023W10	India	Homo sapiens		29752	23A	BA.2	22F (Omicron)	XBB.1.16.1	cluster_336753
IND/2949/2023|OQ701303.1|2023-03-10	OQ701303.1	2023-03-10	2023	10	2023W10	India	Homo sapiens		29769	23A	BA.2	22F (Omicron)	XBB.1.16.1	singleton_243261
IND/2950/2023|OQ701304.1|2023-03-13	OQ701304.1	2023-03-13	2023	11	2023W11	India	Homo sapiens		29764	22F	BA.2	22F (Omicron)	XBB.1.16.1	cluster_337053
IND/2952/2023|OQ701305.1|2023-03-07	OQ701305.1	2023-03-07	2023	10	2023W10	India	Homo sapiens		29768	23A	BA.2	22F (Omicron)	XBB.1.16.1	singleton_243717
IND/2957/2023|OQ701307.1|2023-03-10	OQ701307.1	2023-03-10	2023	10	2023W10	India	Homo sapiens		29707	22F	BA.2	22F (Omicron)	XBB.1.16.1	cluster_337095
IND/2958/2023|OQ701308.1|2023-03-14	OQ701308.1	2023-03-14	2023	11	2023W11	India	Homo sapiens		29757	22F	BA.2	22F (Omicron)	XBB.1.16.1	cluster_336960
IND/2960/2023|OQ701309.1|2023-03-10	OQ701309.1	2023-03-10	2023	10	2023W10	India	Homo sapiens		29764	23A	BA.2	22F (Omicron)	XBB.1.16.1	cluster_336348
IND/2963/2023|OQ701311.1|2023-03-13	OQ701311.1	2023-03-13	2023	11	2023W11	India	Homo sapiens		29772	23A	BA.2	22F (Omicron)	XBB.1.16.1	singleton_243311
IND/2967/2023|OQ701314.1|2023-03-10	OQ701314.1	2023-03-10	2023	10	2023W10	India	Homo sapiens		29772	23A	BA.2	22F (Omicron)	XBB.1.16.1	cluster_336913
IND/NGS_-_1490/2023|OQ852620.1|2023-02-05	OQ852620.1	2023-02-05	2023	5	2023W05	India	Homo sapiens		29755	23B	BA.2	22F (Omicron)	XBB.1.16.1	cluster_337053
IND/NGS_-_1536/2023|OQ852625.1|2023-02-19	OQ852625.1	2023-02-19	2023	7	2023W07	India	Homo sapiens		29783	23B	BA.2	22F (Omicron)	XBB.1.16.1	cluster_337053
IND/NGS_-_1625/2023|OQ852629.1|2023-03-07	OQ852629.1	2023-03-07	2023	10	2023W10	India	Homo sapiens		29773	23B	BA.2	22F (Omicron)	XBB.1.16.1	cluster_336753
Scotland/SCOT-28022/2023|2023-03-03		2023-03-03	2023	9	2023W09	Scotland				23A	BA.2	22F (Omicron)	XBB.1.16.1	cluster_336719
Scotland/SCOT-28022/2023|OX462557.1|2023-03-03	OX462557.1	2023-03-03	2023	9	2023W09	Scotland	Homo sapiens		29854	23B	BA.2	22F (Omicron)	XBB.1.16.1	cluster_336719
Scotland/SCOT-28024/2023|2023-02-28		2023-02-28	2023	9	2023W09	Scotland				23A	BA.2	22F (Omicron)	XBB.1.16.1	cluster_336719
Scotland/SCOT-28024/2023|OX462598.1|2023-02-28	OX462598.1	2023-02-28	2023	9	2023W09	Scotland	Homo sapiens		29858	23B	BA.2	22F (Omicron)	XBB.1.16.1	cluster_336719
Scotland/SCOT-28892/2023|2023-03-30		2023-03-30	2023	13	2023W13	Scotland				23A	BA.2	22F (Omicron)	XBB.1.16.1	cluster_337886
Scotland/SCOT-28892/2023|OX463564.1|2023-03-30	OX463564.1	2023-03-30	2023	13	2023W13	Scotland	Homo sapiens		29857	23B	BA.2	22F (Omicron)	XBB.1.16.1	cluster_337886
Scotland/SCOT-29102/2023|2023-03-29		2023-03-29	2023	13	2023W13	Scotland				23A	BA.2	22F (Omicron)	XBB.1.16.1	cluster_336958
Switzerland/ZH-UZH-IMV-3ba697c0/2023|OX463582.1|2023-03-26	OX463582.1	2023-03-26	2023	12	2023W12	Switzerland	Homo sapiens		29848	23B	BA.2	22F (Omicron)	XBB.1.16.1	cluster_337886
USA/2255668/2023|OQ781076.1|2023-03-20	OQ781076.1	2023-03-20	2023	12	2023W12	USA	Homo sapiens		29649	23A	BA.2	22F (Omicron)	XBB.1.16.1	cluster_336833
USA/CA-CDC-LC1022590/2023|OQ601346.1|2023-02-28	OQ601346.1	2023-02-28	2023	9	2023W09	USA	Homo sapiens		29687	23A	BA.2	22F (Omicron)	XBB.1.16.1	cluster_337886
USA/CA-CDC-LC1033870/2023|OQ748605.1|2023-03-29	OQ748605.1	2023-03-29	2023	13	2023W13	USA	Homo sapiens		29595	23A	BA.2	22F (Omicron)	XBB.1.16.1	cluster_337275
USA/CA-CDC-QDX48365602/2023|OQ782454.1|2023-03-21	OQ782454.1	2023-03-21	2023	12	2023W12	USA	Homo sapiens		29721	23A	BA.2	22F (Omicron)	XBB.1.16.1	singleton_243433
USA/CA-CDC-QDX48366073/2023|OQ783268.1|2023-03-22	OQ783268.1	2023-03-22	2023	12	2023W12	USA	Homo sapiens		29721	23A	BA.2	22F (Omicron)	XBB.1.16.1	cluster_336381
USA/CA-CDC-QDX48366074/2023|OQ783289.1|2023-03-22	OQ783289.1	2023-03-22	2023	12	2023W12	USA	Homo sapiens		29721	23A	BA.2	22F (Omicron)	XBB.1.16.1	cluster_336381
USA/CA-CDC-QDX48464119/2023|OQ783898.1|2023-03-27	OQ783898.1	2023-03-27	2023	13	2023W13	USA	Homo sapiens		29721	23A	BA.2	22F (Omicron)	XBB.1.16.1	singleton_243411
USA/CA-CDC-QDX48637276/2023|OQ827117.1|2023-03-29	OQ827117.1	2023-03-29	2023	13	2023W13	USA	Homo sapiens		29721	23B	BA.2	22F (Omicron)	XBB.1.16.1	cluster_337010
USA/FL-CDC-QDX47772044/2023|OQ705280.1|2023-03-11	OQ705280.1	2023-03-11	2023	10	2023W10	USA	Homo sapiens		29706	23A	BA.2	22F (Omicron)	XBB.1.16.1	cluster_336719
USA/FL-CDC-QDX48415259/2023|OQ825235.1|2023-03-27	OQ825235.1	2023-03-27	2023	13	2023W13	USA	Homo sapiens		29721	23B	BA.2	22F (Omicron)	XBB.1.16.1	cluster_337275
USA/FL-CDC-QDX48587493/2023|OQ827224.1|2023-03-30	OQ827224.1	2023-03-30	2023	13	2023W13	USA	Homo sapiens		29721	23B	BA.2	22F (Omicron)	XBB.1.16.1	cluster_337011
USA/GA-CDC-QDX48496695/2023|OQ825368.1|2023-03-28	OQ825368.1	2023-03-28	2023	13	2023W13	USA	Homo sapiens		29721	23B	BA.2	22F (Omicron)	XBB.1.16.1	cluster_337704
USA/GA-CDC-QDX48496722/2023|OQ825584.1|2023-03-29	OQ825584.1	2023-03-29	2023	13	2023W13	USA	Homo sapiens		29721	23B	BA.2	22F (Omicron)	XBB.1.16.1	cluster_337704
USA/GA-CDC-QDX48586938/2023|OQ825934.1|2023-04-01	OQ825934.1	2023-04-01	2023	13	2023W13	USA	Homo sapiens		29721	23B	BA.2	22F (Omicron)	XBB.1.16.1	cluster_336461
USA/GA-CDC-QDX48733575/2023|OQ827534.1|2023-04-02	OQ827534.1	2023-04-02	2023	13	2023W13	USA	Homo sapiens		29721	23B	BA.2	22F (Omicron)	XBB.1.16.1	cluster_336868
USA/HI-CDC-QDX48637207/2023|OQ827270.1|2023-03-31	OQ827270.1	2023-03-31	2023	13	2023W13	USA	Homo sapiens		29723	23B	BA.2	22F (Omicron)	XBB.1.16.1	cluster_337887
USA/IL-CDC-QDX47312545/2023|OQ610893.1|2023-02-27	OQ610893.1	2023-02-27	2023	9	2023W09	USA	Homo sapiens		29718	23A	BA.2	22F (Omicron)	XBB.1.16.1	singleton_243032
USA/IL-CDC-QDX48685611/2023|OQ827947.1|2023-04-03	OQ827947.1	2023-04-03	2023	14	2023W14	USA	Homo sapiens		29721	23B	BA.2	22F (Omicron)	XBB.1.16.1	cluster_337011
USA/MA-CDCBI-CRSP_VEYXSGSUMBUGV47P/2023|OQ727705.1|2023-03-20	OQ727705.1	2023-03-20	2023	12	2023W12	USA	Homo sapiens		29728	23A	BA.2	22F (Omicron)	XBB.1.16.1	singleton_243716
USA/MD-CDC-VSX-A065194/2023|OQ748665.1|2023-03-23	OQ748665.1	2023-03-23	2023	12	2023W12	USA	Homo sapiens		29847	23A	BA.2	22F (Omicron)	XBB.1.16.1	cluster_336957
USA/MI-MDHHS-SC44070/2023|OQ682568.1|2023-03-06	OQ682568.1	2023-03-06	2023	10	2023W10	USA	Homo sapiens		29603	23A	BA.2	22F (Omicron)	XBB.1.16.1	singleton_243139
USA/MN-CDC-QDX48551717/2023|OQ825384.1|2023-03-28	OQ825384.1	2023-03-28	2023	13	2023W13	USA	Homo sapiens		29721	23B	BA.2	22F (Omicron)	XBB.1.16.1	cluster_336958
USA/MO-CDC-QDX47771568/2023|OQ684947.1|2023-03-11	OQ684947.1	2023-03-11	2023	10	2023W10	USA	Homo sapiens		29721	23A	BA.2	22F (Omicron)	XBB.1.16.1	cluster_337011
USA/NC-CDC-QDX48415072/2023|OQ783974.1|2023-03-27	OQ783974.1	2023-03-27	2023	13	2023W13	USA	Homo sapiens		29721	23A	BA.2	22F (Omicron)	XBB.1.16.1	singleton_243453
USA/NJ-CDC-LC1035809/2023|OQ832971.1|2023-04-04	OQ832971.1	2023-04-04	2023	14	2023W14	USA	Homo sapiens		28870	23B	BA.2	22F (Omicron)	XBB.1.16.1	singleton_243740
USA/NJ-CDC-LC1035908/2023|OQ832960.1|2023-04-04	OQ832960.1	2023-04-04	2023	14	2023W14	USA	Homo sapiens		29688	22F	BA.2	22F (Omicron)	XBB.1.16.1	cluster_337887
USA/NJ-CDC-LC1036238/2023|OQ832843.1|2023-04-01	OQ832843.1	2023-04-01	2023	13	2023W13	USA	Homo sapiens		29723	23B	BA.2	22F (Omicron)	XBB.1.16.1	cluster_337886
USA/NJ-CDC-QDX48043255/2023|OQ713510.1|2023-03-17	OQ713510.1	2023-03-17	2023	11	2023W11	USA	Homo sapiens		29721	23A	BA.2	22F (Omicron)	XBB.1.16.1	cluster_337886
USA/NJ-CDC-QDX48144032/2023|OQ728603.1|2023-03-20	OQ728603.1	2023-03-20	2023	12	2023W12	USA	Homo sapiens		29721	23A	BA.2	22F (Omicron)	XBB.1.16.1	cluster_337562
USA/NJ-CDC-QDX48144116/2023|OQ728515.1|2023-03-20	OQ728515.1	2023-03-20	2023	12	2023W12	USA	Homo sapiens		29721	23A	BA.2	22F (Omicron)	XBB.1.16.1	cluster_337886
USA/NJ-CDC-QDX48733632/2023|OQ828022.1|2023-04-04	OQ828022.1	2023-04-04	2023	14	2023W14	USA	Homo sapiens		29722	23B	BA.2	22F (Omicron)	XBB.1.16.1	cluster_336957
USA/NJ-CDC-VSX-A065282/2023|OQ748806.1|2023-03-27	OQ748806.1	2023-03-27	2023	13	2023W13	USA	Homo sapiens		29845	23A	BA.2	22F (Omicron)	XBB.1.16.1	cluster_336957
USA/NY-CDC-QDX47869972/2023|OQ705510.1|2023-03-13	OQ705510.1	2023-03-13	2023	11	2023W11	USA	Homo sapiens		29721	23A	BA.2	22F (Omicron)	XBB.1.16.1	cluster_337886
USA/NY-CDC-QDX48043246/2023|OQ713513.1|2023-03-17	OQ713513.1	2023-03-17	2023	11	2023W11	USA	Homo sapiens		29721	23A	BA.2	22F (Omicron)	XBB.1.16.1	singleton_243233
USA/NY-CDC-QDX48094657/2023|OQ728319.1|2023-03-19	OQ728319.1	2023-03-19	2023	11	2023W11	USA	Homo sapiens		29721	23A	BA.2	22F (Omicron)	XBB.1.16.1	cluster_337886
USA/NY-CDC-QDX48144042/2023|OQ728669.1|2023-03-20	OQ728669.1	2023-03-20	2023	12	2023W12	USA	Homo sapiens		29721	23A	BA.2	22F (Omicron)	XBB.1.16.1	cluster_336868
USA/NY-CDC-QDX48415136/2023|OQ825249.1|2023-03-27	OQ825249.1	2023-03-27	2023	13	2023W13	USA	Homo sapiens		29721	23B	BA.2	22F (Omicron)	XBB.1.16.1	cluster_337886
USA/OH-CDC-QDX47973871/2023|OQ712825.1|2023-03-14	OQ712825.1	2023-03-14	2023	11	2023W11	USA	Homo sapiens		29721	23A	BA.2	22F (Omicron)	XBB.1.16.1	cluster_337010
USA/PA-CDC-LC1027064/2023|OQ660759.1|2023-03-05	OQ660759.1	2023-03-05	2023	9	2023W09	USA	Homo sapiens		29714	23A	BA.2	22F (Omicron)	XBB.1.16.1	cluster_337010
USA/PA-CDC-LC1034152/2023|OQ802536.1|2023-03-29	OQ802536.1	2023-03-29	2023	13	2023W13	USA	Homo sapiens		29690	23A	BA.2	22F (Omicron)	XBB.1.16.1	cluster_336348
USA/PA-CDC-QDX48587130/2023|OQ827341.1|2023-03-31	OQ827341.1	2023-03-31	2023	13	2023W13	USA	Homo sapiens		29721	23B	BA.2	22F (Omicron)	XBB.1.16.1	cluster_337011
USA/RI-CDC-LC1036205/2023|OQ832920.1|2023-04-03	OQ832920.1	2023-04-03	2023	14	2023W14	USA	Homo sapiens		29569	23B	BA.2	22F (Omicron)	XBB.1.16.1	cluster_337010
USA/TX-CDC-QDX47594614/2023|OQ655600.1|2023-03-05	OQ655600.1	2023-03-05	2023	9	2023W09	USA	Homo sapiens		29721	23A	BA.2	22F (Omicron)	XBB.1.16.1	cluster_336546
USA/TX-CDC-QDX47771482/2023|OQ684985.1|2023-03-11	OQ684985.1	2023-03-11	2023	10	2023W10	USA	Homo sapiens		29721	23A	BA.2	22F (Omicron)	XBB.1.16.1	cluster_336546
USA/TX-CDC-QDX48496835/2023|OQ825114.1|2023-03-26	OQ825114.1	2023-03-26	2023	12	2023W12	USA	Homo sapiens		29721	23B	BA.2	22F (Omicron)	XBB.1.16.1	cluster_336381
USA/TX-CDC-QDX48587216/2023|OQ825723.1|2023-03-30	OQ825723.1	2023-03-30	2023	13	2023W13	USA	Homo sapiens		29721	23B	BA.2	22F (Omicron)	XBB.1.16.1	singleton_243570
USA/TX-CDC-QDX48733706/2023|OQ828034.1|2023-04-04	OQ828034.1	2023-04-04	2023	14	2023W14	USA	Homo sapiens		29723	23B	BA.2	22F (Omicron)	XBB.1.16.1	cluster_337887
USA/TX-CDC-VSX-A064973/2023|OQ691835.1|2023-03-15	OQ691835.1	2023-03-15	2023	11	2023W11	USA	Homo sapiens		29847	23A	BA.2	22F (Omicron)	XBB.1.16.1	cluster_336504
USA/VA-CDC-LC1030341/2023|OQ712355.1|2023-03-17	OQ712355.1	2023-03-17	2023	11	2023W11	USA	Homo sapiens		29690	23A	BA.2	22F (Omicron)	XBB.1.16.1	singleton_243260
USA/VA-CDC-QDX48464008/2023|OQ825436.1|2023-03-28	OQ825436.1	2023-03-28	2023	13	2023W13	USA	Homo sapiens		29721	23B	BA.2	22F (Omicron)	XBB.1.16.1	singleton_243551
USA/WA-CDC-LC1036446/2023|OQ852081.1|2023-03-31	OQ852081.1	2023-03-31	2023	13	2023W13	USA	Homo sapiens		29535	23B	BA.2	22F (Omicron)	XBB.1.16.1	singleton_243918
USA/WA-CDC-UW23030704434/2023|OQ674602.1|2023-03-07	OQ674602.1	2023-03-07	2023	10	2023W10	USA	Homo sapiens		29672	23A	BA.2	22F (Omicron)	XBB.1.16.1	cluster_336504
USA/WA-CDC-UW23032178303/2023|OQ833286.1|2023-03-21	OQ833286.1	2023-03-21	2023	12	2023W12	USA	Homo sapiens		29672	23B	BA.2	22F (Omicron)	XBB.1.16.1	singleton_243649
USA/WA-CDC-UW23032209634/2023|OQ833327.1|2023-03-22	OQ833327.1	2023-03-22	2023	12	2023W12	USA	Homo sapiens		29749	23B	BA.2	22F (Omicron)	XBB.1.16.1	singleton_243879
USA/WA-CDC-UW23032466470/2023|OQ833399.1|2023-03-24	OQ833399.1	2023-03-24	2023	12	2023W12	USA	Homo sapiens		29672	23B	BA.2	22F (Omicron)	XBB.1.16.1	cluster_337010
USA/WA-CDC-UW23032515183/2023|OQ833441.1|2023-03-25	OQ833441.1	2023-03-25	2023	12	2023W12	USA	Homo sapiens		29672	23B	BA.2	22F (Omicron)	XBB.1.16.1	singleton_243761
USA/WA-CDC-UW23040359572/2023|OQ799284.1|2023-04-03	OQ799284.1	2023-04-03	2023	14	2023W14	USA	Homo sapiens		29685	23A	BA.2	22F (Omicron)	XBB.1.16.1	cluster_337009
USA/WA-UW-23031107790/2023|OQ673701.1|2023-03-11	OQ673701.1	2023-03-11	2023	10	2023W10	USA	Homo sapiens		29502	23A	BA.2	22F (Omicron)	XBB.1.16.1	singleton_243671
USA/WA-UW-23031628432/2023|OQ704103.1|2023-03-16	OQ704103.1	2023-03-16	2023	11	2023W11	USA	Homo sapiens		29496	23A	BA.2	22F (Omicron)	XBB.1.16.1	cluster_337886
USA/WI-CDC-LC1036965/2023|OQ852291.1|2023-04-08	OQ852291.1	2023-04-08	2023	14	2023W14	USA	Homo sapiens		29445	23B	BA.2	22F (Omicron)	XBB.1.16.1	singleton_243856
USA/WI-CDC-VSX-A065209/2023|OQ748644.1|2023-03-22	OQ748644.1	2023-03-22	2023	12	2023W12	USA	Homo sapiens		29847	23A	BA.2	22F (Omicron)	XBB.1.16.1	cluster_337053
Wales/PHWC-PKP8ZC/2023|2023-03-01		2023-03-01	2023	9	2023W09	Wales				23A	XBB.1.16.1	22F (Omicron)	XBB.1.16.1	cluster_336833
Wales/PHWC-PKPDPF/2023|2023-03-04		2023-03-04	2023	9	2023W09	Wales				23A	XBB.1.16.1	22F (Omicron)	XBB.1.16.1	cluster_336833
Wales/PHWC-PKPG7B/2023|2023-03-01		2023-03-01	2023	9	2023W09	Wales				23A	XBB.1.16.1	22F (Omicron)	XBB.1.16.1	cluster_336833
Wales/PHWC-PKQ9WA/2023|2023-03-22		2023-03-22	2023	12	2023W12	Wales				23A	BA.2	22F (Omicron)	XBB.1.16.1	cluster_336461
Wales/PHWC-PKX1RR/2023|2023-04-08		2023-04-08	2023	14	2023W14	Wales				23A	BA.2	22F (Omicron)	XBB.1.16.1	cluster_337886
Wales/PHWC-PKX8C9/2023|2023-04-01		2023-04-01	2023	13	2023W13	Wales				23A	BA.2	22F (Omicron)	XBB.1.16.1	cluster_336461
Wales/PHWC-PKXKYW/2023|2023-03-30		2023-03-30	2023	13	2023W13	Wales				23A	BA.2	22F (Omicron)	XBB.1.16.1	cluster_336461
Wales/PHWC-PKXPUK/2023|2023-03-29		2023-03-29	2023	13	2023W13	Wales				23A	BA.2	22F (Omicron)	XBB.1.16.1	cluster_336461
