sample	country	region	source	date	iso_year	iso_week_nr	iso_week	ST	note	MST-4x1.0	MST-7x1.0	MST-14x1.0
sample_0001	A	A1	clinical	2021-11-21	2021	46	2021W46	na	not_real_data_test_only	cluster_37	cluster_92	cluster_102
sample_0002	B	B1	clinical	2021-10-11	2021	41	2021W41	na	not_real_data_test_only	singleton_394	singleton_314	singleton_227
sample_0003	C	B1	clinical	2021-10-24	2021	42	2021W42	388	not_real_data_test_only	singleton_325	singleton_245	singleton_158
sample_0004	A	A2	clinical	2021-10-18	2021	42	2021W42	77	not_real_data_test_only	singleton_250	singleton_170	singleton_84
sample_0005	B	B2	clinical	2021-03-10	2021	10	2021W10	3	not_real_data_test_only	singleton_382	singleton_302	singleton_215
sample_0006	C	B2	clinical	2021-09-23	2021	38	2021W38	217	not_real_data_test_only	singleton_401	singleton_321	singleton_234
sample_0007	A	A3	clinical	2021-09-18	2021	37	2021W37	388	not_real_data_test_only	singleton_194	singleton_114	singleton_30
sample_0008	B	B3	clinical	2021-12-09	2021	49	2021W49	217	not_real_data_test_only	singleton_336	singleton_256	singleton_169
sample_0009	C	B3	clinical	2021-09-09	2021	36	2021W36	121	not_real_data_test_only	singleton_304	singleton_224	singleton_137
sample_0010	A	A4	clinical	2021-02-09	2021	6	2021W06	1	not_real_data_test_only	singleton_63	cluster_81	cluster_90
sample_0011	B	B4	clinical	2021-08-29	2021	34	2021W34	1	not_real_data_test_only	singleton_199	singleton_119	singleton_35
sample_0012	C	B4	clinical	2021-08-29	2021	34	2021W34	1	not_real_data_test_only	singleton_109	singleton_33	cluster_108
sample_0013	A	A5	clinical	2021-02-08	2021	6	2021W06	6	not_real_data_test_only	singleton_53	cluster_102	cluster_71
sample_0014	B	B5	clinical	2021-07-29	2021	30	2021W30	8	not_real_data_test_only	singleton_167	singleton_87	cluster_107
sample_0015	C	B5	clinical	2021-07-28	2021	30	2021W30	451	not_real_data_test_only	singleton_439	singleton_359	singleton_272
sample_0016	A	A6	clinical	2021-07-20	2021	29	2021W29	217	not_real_data_test_only	singleton_211	singleton_131	singleton_45
sample_0017	B	B6	clinical	2021-07-14	2021	28	2021W28	87	not_real_data_test_only	singleton_30	cluster_106	cluster_87
sample_0018	C	B6	clinical	2021-07-13	2021	28	2021W28	87	not_real_data_test_only	cluster_33	cluster_28	cluster_22
sample_0019	A	A7	clinical	2021-04-07	2021	14	2021W14	1	not_real_data_test_only	singleton_328	singleton_248	singleton_161
sample_0020	B	B7	clinical	2021-06-29	2021	26	2021W26	87	not_real_data_test_only	cluster_33	cluster_28	cluster_22
sample_0021	C	B7	clinical	2021-06-26	2021	25	2021W25	1	not_real_data_test_only	singleton_155	singleton_77	cluster_102
sample_0022	A	A8	clinical	2021-06-17	2021	24	2021W24	382	not_real_data_test_only	singleton_244	singleton_164	singleton_78
sample_0023	B		clinical	2021-10-06	2021	40	2021W40	388	not_real_data_test_only	singleton_257	singleton_177	singleton_90
sample_0024	C		clinical	2021-03-06	2021	9	2021W09	378	not_real_data_test_only	singleton_349	singleton_269	singleton_182
sample_0025	A	A9	clinical	2021-02-06	2021	5	2021W05	3	not_real_data_test_only	singleton_56	cluster_104	cluster_73
sample_0026	B	B1	clinical	2021-05-22	2021	20	2021W20	6	not_real_data_test_only	singleton_73	cluster_109	cluster_109
sample_0027	C	B1	clinical	2021-10-05	2021	40	2021W40	1	not_real_data_test_only	singleton_398	singleton_318	singleton_231
sample_0028	A		clinical	2021-05-05	2021	18	2021W18	7	not_real_data_test_only	cluster_95	cluster_77	cluster_60
sample_0029	B	B2	clinical	2021-04-26	2021	17	2021W17	16	not_real_data_test_only	singleton_62	cluster_26	cluster_21
sample_0030	C	B2	clinical	2021-04-13	2021	15	2021W15	217	not_real_data_test_only	singleton_365	singleton_285	singleton_198
sample_0031	A	A1	clinical	2021-05-04	2021	18	2021W18	1	not_real_data_test_only	singleton_110	singleton_34	cluster_84
sample_0032	B	B3	clinical	2021-03-23	2021	12	2021W12	1	not_real_data_test_only	cluster_35	cluster_29	cluster_90
sample_0033	C	B3	clinical	2021-11-03	2021	44	2021W44	1	not_real_data_test_only	singleton_279	singleton_199	singleton_112
sample_0034	A	A2	clinical	2021-02-15	2021	7	2021W07	217	not_real_data_test_only	singleton_357	singleton_277	singleton_190
sample_0035	B	B4	clinical	2021-05-02	2021	17	2021W17	6	not_real_data_test_only	singleton_32	cluster_90	cluster_67
sample_0036	C	B4	clinical	2021-01-02	2020	53	2020W53	217	not_real_data_test_only	cluster_47	cluster_38	cluster_30
sample_0037	A	A3	clinical	2021-01-29	2021	4	2021W04	87	not_real_data_test_only	cluster_79	cluster_106	cluster_87
sample_0038	B	B5	clinical	2021-01-13	2021	2	2021W02	1	not_real_data_test_only	singleton_104	singleton_28	cluster_102
sample_0039	C	B5	clinical	2020-12-14	2020	51	2020W51	217	not_real_data_test_only	singleton_193	singleton_113	singleton_29
sample_0040	A	A4	clinical	2020-11-20	2020	47	2020W47	392	not_real_data_test_only	singleton_434	singleton_354	singleton_267
sample_0041	B	B6	clinical	2020-11-16	2020	47	2020W47	1	not_real_data_test_only	singleton_389	singleton_309	singleton_222
sample_0042	C	B6	clinical	2020-10-18	2020	42	2020W42	18	not_real_data_test_only	singleton_436	singleton_356	singleton_269
sample_0043	A	A5	clinical	2020-07-10	2020	28	2020W28	1	not_real_data_test_only	singleton_374	singleton_294	singleton_207
sample_0044	B	B7	clinical	2020-09-17	2020	38	2020W38	87	not_real_data_test_only	singleton_11	cluster_59	cluster_46
sample_0045	C	B7	clinical	2020-12-09	2020	50	2020W50	16	not_real_data_test_only	singleton_261	singleton_181	singleton_94
sample_0046	A	A6	clinical	2020-07-09	2020	28	2020W28	14	not_real_data_test_only	cluster_15	cluster_11	cluster_8
sample_0047	B		clinical	2020-07-09	2020	28	2020W28	1	not_real_data_test_only	singleton_346	singleton_266	singleton_179
sample_0048	C		clinical	2020-05-09	2020	19	2020W19	14	not_real_data_test_only	cluster_15	cluster_11	cluster_8
sample_0049	A	A7	clinical	2020-03-09	2020	11	2020W11	37	not_real_data_test_only	cluster_24	cluster_20	cluster_16
sample_0050	B	B1	clinical	2020-03-09	2020	11	2020W11	2	not_real_data_test_only	singleton_327	singleton_247	singleton_160
sample_0051	C	B1	clinical	2020-08-22	2020	34	2020W34	77	not_real_data_test_only	singleton_251	singleton_171	singleton_85
sample_0052	A	A8	clinical	2020-08-19	2020	34	2020W34	37	not_real_data_test_only	cluster_24	cluster_20	cluster_16
sample_0053	B	B2	clinical	2020-08-17	2020	34	2020W34	1	not_real_data_test_only	singleton_69	cluster_91	cluster_102
sample_0054	A	A9	clinical	2020-08-13	2020	33	2020W33	87	not_real_data_test_only	cluster_67	cluster_54	cluster_87
sample_0055	B	B3	clinical	2020-08-13	2020	33	2020W33	1	not_real_data_test_only	singleton_229	singleton_149	singleton_63
sample_0056	C	B2	clinical	2020-08-13	2020	33	2020W33	87	not_real_data_test_only	cluster_67	cluster_54	cluster_87
sample_0057	C	B3	clinical	2020-06-08	2020	24	2020W24	3	not_real_data_test_only	singleton_218	singleton_138	singleton_52
sample_0058	A		clinical	2020-07-30	2020	31	2020W31	217	not_real_data_test_only	singleton_145	singleton_67	cluster_95
sample_0059	B	B4	clinical	2020-07-29	2020	31	2020W31	1	not_real_data_test_only	singleton_187	singleton_107	singleton_24
sample_0060	C	B4	clinical	2020-07-27	2020	31	2020W31	3	not_real_data_test_only	singleton_152	singleton_74	cluster_73
sample_0061	A	A1	clinical	2020-07-22	2020	30	2020W30	1	not_real_data_test_only	cluster_38	cluster_93	cluster_68
sample_0062	B	B5	clinical	2020-07-22	2020	30	2020W30	1	not_real_data_test_only	singleton_415	singleton_335	singleton_248
sample_0063	A	A2	clinical	2020-07-20	2020	30	2020W30	1	not_real_data_test_only	cluster_37	cluster_92	cluster_102
sample_0064	C	B5	clinical	2020-07-20	2020	30	2020W30	1	not_real_data_test_only	cluster_96	cluster_78	cluster_108
sample_0065	B	B6	clinical	2020-07-07	2020	28	2020W28	2	not_real_data_test_only	cluster_104	cluster_97	cluster_97
sample_0066	A	A3	clinical	2020-06-25	2020	26	2020W26	219	not_real_data_test_only	cluster_44	cluster_35	cluster_27
sample_0067	B	B7	clinical	2020-06-25	2020	26	2020W26	219	not_real_data_test_only	cluster_44	cluster_35	cluster_27
sample_0068	C	B6	clinical	2020-06-25	2020	26	2020W26	1	not_real_data_test_only	singleton_108	singleton_32	cluster_108
sample_0069	C	B7	clinical	2020-06-16	2020	25	2020W25	217	not_real_data_test_only	singleton_262	singleton_182	singleton_95
sample_0070	A	A4	clinical	2020-08-06	2020	32	2020W32	8	not_real_data_test_only	singleton_285	singleton_205	singleton_118
sample_0071	B		clinical	2020-08-06	2020	32	2020W32	1	not_real_data_test_only	cluster_4	cluster_92	cluster_102
sample_0072	C		clinical	2020-08-06	2020	32	2020W32	1	not_real_data_test_only	cluster_4	cluster_92	cluster_102
sample_0073	A	A5	clinical	2020-04-06	2020	15	2020W15	382	not_real_data_test_only	singleton_151	singleton_73	cluster_100
sample_0074	B	B1	clinical	2020-03-06	2020	10	2020W10	3	not_real_data_test_only	singleton_9	cluster_83	cluster_62
sample_0075	C	B1	clinical	2020-05-31	2020	22	2020W22	na	not_real_data_test_only	singleton_404	singleton_324	singleton_237
sample_0076	A	A6	clinical	2020-05-26	2020	22	2020W22	378	not_real_data_test_only	singleton_25	cluster_89	cluster_101
sample_0077	B	B2	clinical	2020-05-26	2020	22	2020W22	1	not_real_data_test_only	singleton_390	singleton_310	singleton_223
sample_0078	A	A7	clinical	2020-05-18	2020	21	2020W21	1	not_real_data_test_only	cluster_114	cluster_118	cluster_102
sample_0079	C	B2	clinical	2020-05-18	2020	21	2020W21	1	not_real_data_test_only	cluster_114	cluster_118	cluster_102
sample_0080	B	B3	clinical	2020-08-05	2020	32	2020W32	1	not_real_data_test_only	cluster_103	cluster_95	cluster_108
sample_0081	C	B3	clinical	2020-04-05	2020	14	2020W14	1	not_real_data_test_only	singleton_37	cluster_81	cluster_90
sample_0082	A	A8	clinical	2020-02-05	2020	6	2020W06	666	not_real_data_test_only	singleton_299	singleton_219	singleton_132
sample_0083	B	B4	clinical	2020-04-29	2020	18	2020W18	na	not_real_data_test_only	singleton_297	singleton_217	singleton_130
sample_0084	A	A9	clinical	2020-04-28	2020	18	2020W18	666	not_real_data_test_only	singleton_379	singleton_299	singleton_212
sample_0085	C	B4	clinical	2020-04-28	2020	18	2020W18	219	not_real_data_test_only	singleton_412	singleton_332	singleton_245
sample_0086	B	B5	clinical	2020-04-16	2020	16	2020W16	16	not_real_data_test_only	cluster_31	cluster_26	cluster_21
sample_0087	C	B5	clinical	2020-03-20	2020	12	2020W12	1	not_real_data_test_only	singleton_426	singleton_346	singleton_259
sample_0088	A		clinical	2020-02-14	2020	7	2020W07	9	not_real_data_test_only	singleton_97	singleton_21	cluster_31
sample_0089	B	B6	clinical	2020-02-13	2020	7	2020W07	3	not_real_data_test_only	singleton_258	singleton_178	singleton_91
sample_0090	C	B6	clinical	2020-01-31	2020	5	2020W05	1	not_real_data_test_only	singleton_263	singleton_183	singleton_96
sample_0091	A	A1	clinical	2020-06-01	2020	23	2020W23	3	not_real_data_test_only	singleton_420	singleton_340	singleton_253
sample_0092	B	B7	clinical	2019-02-12	2019	7	2019W07	1	not_real_data_test_only	singleton_345	singleton_265	singleton_178
sample_0093	C	B7	clinical	2019-11-29	2019	48	2019W48	1	not_real_data_test_only	cluster_38	cluster_93	cluster_68
sample_0094	A	A2	clinical	2019-11-25	2019	48	2019W48	87	not_real_data_test_only	singleton_31	cluster_106	cluster_87
sample_0095	B		clinical	2019-11-18	2019	47	2019W47	87	not_real_data_test_only	singleton_224	singleton_144	singleton_58
sample_0096	A	A3	clinical	2019-10-11	2019	41	2019W41	9	not_real_data_test_only	cluster_119	cluster_124	cluster_113
sample_0097	C		clinical	2019-10-11	2019	41	2019W41	9	not_real_data_test_only	cluster_119	cluster_124	cluster_113
sample_0098	B	B1	clinical	2019-07-11	2019	28	2019W28	1	not_real_data_test_only	cluster_38	cluster_93	cluster_68
sample_0099	C	B1	clinical	2019-10-27	2019	43	2019W43	1	not_real_data_test_only	cluster_85	cluster_68	cluster_53
sample_0100	A	A4	clinical	2019-08-10	2019	32	2019W32	1	not_real_data_test_only	singleton_277	singleton_197	singleton_110
sample_0101	B	B2	clinical	2019-09-23	2019	39	2019W39	121	not_real_data_test_only	singleton_128	singleton_50	cluster_54
sample_0102	C	B2	clinical	2019-09-21	2019	38	2019W38	87	not_real_data_test_only	singleton_228	singleton_148	singleton_62
sample_0103	A	A5	clinical	2019-09-16	2019	38	2019W38	3	not_real_data_test_only	singleton_358	singleton_278	singleton_191
sample_0104	B	B3	clinical	2019-09-14	2019	37	2019W37	1	not_real_data_test_only	singleton_246	singleton_166	singleton_80
sample_0105	C	B3	clinical	2019-08-16	2019	33	2019W33	1	not_real_data_test_only	cluster_38	cluster_93	cluster_68
sample_0106	A	A6	clinical	2019-08-15	2019	33	2019W33	388	not_real_data_test_only	singleton_175	singleton_95	singleton_13
sample_0107	B	B4	clinical	2019-08-13	2019	33	2019W33	1	not_real_data_test_only	cluster_38	cluster_93	cluster_68
sample_0108	C	B4	clinical	2019-08-13	2019	33	2019W33	1	not_real_data_test_only	cluster_38	cluster_93	cluster_68
sample_0109	A	A7	clinical	2019-08-08	2019	32	2019W32	1	not_real_data_test_only	cluster_38	cluster_93	cluster_68
sample_0110	B	B5	clinical	2019-07-08	2019	28	2019W28	382	not_real_data_test_only	cluster_98	cluster_103	cluster_72
sample_0111	C	B5	clinical	2019-06-08	2019	23	2019W23	1	not_real_data_test_only	singleton_241	singleton_161	singleton_75
sample_0112	A	A8	clinical	2019-07-29	2019	31	2019W31	29	not_real_data_test_only	singleton_123	cluster_116	cluster_98
sample_0113	B	B6	clinical	2019-11-07	2019	45	2019W45	1	not_real_data_test_only	cluster_85	cluster_68	cluster_53
sample_0114	C	B6	clinical	2019-08-07	2019	32	2019W32	692	not_real_data_test_only	singleton_326	singleton_246	singleton_159
sample_0115	A	A9	clinical	2019-07-07	2019	27	2019W27	388	not_real_data_test_only	singleton_183	singleton_103	singleton_20
sample_0116	B	B7	clinical	2019-03-07	2019	10	2019W10	219	not_real_data_test_only	singleton_280	singleton_200	singleton_113
sample_0117	C	B7	clinical	2019-06-27	2019	26	2019W26	2	not_real_data_test_only	singleton_395	singleton_315	singleton_228
sample_0118	A		clinical	2019-06-21	2019	25	2019W25	7	not_real_data_test_only	cluster_23	cluster_19	cluster_15
sample_0119	B		clinical	2019-06-21	2019	25	2019W25	7	not_real_data_test_only	cluster_23	cluster_19	cluster_15
sample_0120	C		clinical	2019-06-18	2019	25	2019W25	1	not_real_data_test_only	singleton_207	singleton_127	singleton_41
sample_0121	A	A1	clinical	2019-12-06	2019	49	2019W49	1	not_real_data_test_only	cluster_38	cluster_93	cluster_68
sample_0122	B	B1	clinical	2019-07-06	2019	27	2019W27	na	not_real_data_test_only	singleton_444	singleton_364	singleton_277
sample_0123	C	B1	clinical	2019-04-06	2019	14	2019W14	9	not_real_data_test_only	cluster_16	cluster_12	cluster_94
sample_0124	A	A2	food	2019-05-21	2019	21	2019W21	1	not_real_data_test_only	cluster_59	cluster_46	cluster_90
sample_0125	B	B2	food	2019-05-21	2019	21	2019W21	155	not_real_data_test_only	cluster_27	cluster_22	cluster_18
sample_0126	A	A3	clinical	2019-05-17	2019	20	2019W20	1	not_real_data_test_only	cluster_59	cluster_46	cluster_90
sample_0127	C	B2	clinical	2019-05-17	2019	20	2019W20	1	not_real_data_test_only	cluster_59	cluster_46	cluster_90
sample_0128	B	B3	clinical	2019-10-05	2019	40	2019W40	1	not_real_data_test_only	singleton_417	singleton_337	singleton_250
sample_0129	C	B3	clinical	2019-09-05	2019	36	2019W36	na	not_real_data_test_only	singleton_322	singleton_242	singleton_155
sample_0130	A	A4	clinical	2019-07-05	2019	27	2019W27	1	not_real_data_test_only	cluster_96	cluster_78	cluster_108
sample_0131	B	B4	clinical	2019-04-05	2019	14	2019W14	6	not_real_data_test_only	singleton_320	singleton_240	singleton_153
sample_0132	C	B4	clinical	2019-01-05	2019	1	2019W01	87	not_real_data_test_only	cluster_79	cluster_106	cluster_87
sample_0133	A	A5	clinical	2019-12-04	2019	49	2019W49	1	not_real_data_test_only	singleton_177	singleton_97	cluster_102
sample_0134	B	B5	clinical	2019-10-04	2019	40	2019W40	1	not_real_data_test_only	singleton_188	singleton_108	cluster_102
sample_0135	A	A6	clinical	2019-08-04	2019	31	2019W31	1	not_real_data_test_only	singleton_252	singleton_172	singleton_86
sample_0136	B	B6	clinical	2019-08-04	2019	31	2019W31	217	not_real_data_test_only	singleton_335	singleton_255	singleton_168
sample_0137	C	B5	clinical	2019-08-04	2019	31	2019W31	1	not_real_data_test_only	cluster_38	cluster_93	cluster_68
sample_0138	C	B6	clinical	2019-03-22	2019	12	2019W12	1	not_real_data_test_only	singleton_148	singleton_70	cluster_102
sample_0139	A	A7	clinical	2019-03-21	2019	12	2019W12	382	not_real_data_test_only	cluster_98	cluster_103	cluster_72
sample_0140	B	B7	clinical	2019-03-20	2019	12	2019W12	6	not_real_data_test_only	singleton_383	singleton_303	singleton_216
sample_0141	C	B7	clinical	2019-04-03	2019	14	2019W14	3	not_real_data_test_only	singleton_289	singleton_209	singleton_122
sample_0142	A	A8	clinical	2019-02-23	2019	8	2019W08	9	not_real_data_test_only	singleton_391	singleton_311	singleton_224
sample_0143	B		clinical	2019-02-20	2019	8	2019W08	6	not_real_data_test_only	cluster_101	cluster_102	cluster_71
sample_0144	C		clinical	2019-02-19	2019	8	2019W08	1	not_real_data_test_only	singleton_57	cluster_105	cluster_90
sample_0145	A	A9	clinical	2019-02-18	2019	8	2019W08	206	not_real_data_test_only	singleton_428	singleton_348	singleton_261
sample_0146	B	B1	clinical	2019-02-15	2019	7	2019W07	87	not_real_data_test_only	singleton_6	cluster_106	cluster_87
sample_0147	C	B1	clinical	2019-10-02	2019	40	2019W40	2	not_real_data_test_only	cluster_91	cluster_74	cluster_58
sample_0148	A		clinical	2019-06-02	2019	22	2019W22	87	not_real_data_test_only	cluster_72	cluster_59	cluster_46
sample_0149	B	B2	clinical	2019-12-01	2019	48	2019W48	876	not_real_data_test_only	singleton_312	singleton_232	singleton_145
sample_0150	C	B2	clinical	2019-10-01	2019	40	2019W40	3	not_real_data_test_only	singleton_87	singleton_11	cluster_77
sample_0151	A	A1	clinical	2019-07-01	2019	27	2019W27	3	not_real_data_test_only	singleton_55	cluster_104	cluster_73
sample_0152	B	B3	clinical	2018-12-30	2018	52	2018W52	4	not_real_data_test_only	singleton_378	singleton_298	singleton_211
sample_0153	A	A2	clinical	2018-12-29	2018	52	2018W52	382	not_real_data_test_only	cluster_113	cluster_117	cluster_100
sample_0154	C	B3	clinical	2018-12-29	2018	52	2018W52	382	not_real_data_test_only	cluster_113	cluster_117	cluster_100
sample_0155	B	B4	clinical	2018-12-28	2018	52	2018W52	1	not_real_data_test_only	cluster_38	cluster_93	cluster_68
sample_0156	C	B4	clinical	2018-12-23	2018	51	2018W51	213	not_real_data_test_only	singleton_430	singleton_350	singleton_263
sample_0157	A	A3	clinical	2018-12-22	2018	51	2018W51	388	not_real_data_test_only	cluster_117	cluster_122	cluster_110
sample_0158	B	B5	clinical	2018-12-22	2018	51	2018W51	388	not_real_data_test_only	cluster_117	cluster_122	cluster_110
sample_0159	C	B5	clinical	2018-12-15	2018	50	2018W50	1	not_real_data_test_only	singleton_40	cluster_94	cluster_69
sample_0160	A	A4	clinical	2018-11-14	2018	46	2018W46	1	not_real_data_test_only	singleton_91	singleton_15	cluster_78
sample_0161	B	B6	clinical	2018-10-16	2018	42	2018W42	5	not_real_data_test_only	singleton_427	singleton_347	singleton_260
sample_0162	C	B6	clinical	2018-09-10	2018	37	2018W37	1	not_real_data_test_only	singleton_413	singleton_333	singleton_246
sample_0163	A	A5	clinical	2018-05-10	2018	19	2018W19	219	not_real_data_test_only	singleton_362	singleton_282	singleton_195
sample_0164	B	B7	clinical	2018-05-10	2018	19	2018W19	1	not_real_data_test_only	singleton_373	singleton_293	singleton_206
sample_0165	A	A6	clinical	2018-01-10	2018	2	2018W02	6	not_real_data_test_only	singleton_397	singleton_317	singleton_230
sample_0166	C	B7	clinical	2018-01-10	2018	2	2018W02	7	not_real_data_test_only	singleton_27	cluster_77	cluster_60
sample_0167	B		clinical	2018-09-27	2018	39	2018W39	1	not_real_data_test_only	singleton_366	singleton_286	singleton_199
sample_0168	C		clinical	2018-09-16	2018	37	2018W37	1	not_real_data_test_only	cluster_1	cluster_93	cluster_68
sample_0169	A	A7	clinical	2018-07-09	2018	28	2018W28	2	not_real_data_test_only	cluster_65	cluster_52	cluster_40
sample_0170	B	B1	clinical	2018-08-18	2018	33	2018W33	16	not_real_data_test_only	cluster_31	cluster_26	cluster_21
sample_0171	C	B1	clinical	2018-08-17	2018	33	2018W33	16	not_real_data_test_only	cluster_31	cluster_26	cluster_21
sample_0172	A	A8	clinical	2018-07-28	2018	30	2018W30	378	not_real_data_test_only	cluster_56	cluster_44	cluster_34
sample_0173	B	B2	clinical	2018-07-27	2018	30	2018W30	9	not_real_data_test_only	singleton_50	cluster_101	cluster_94
sample_0174	C	B2	clinical	2018-07-25	2018	30	2018W30	378	not_real_data_test_only	cluster_56	cluster_44	cluster_34
sample_0175	A	A9	clinical	2018-07-23	2018	30	2018W30	1	not_real_data_test_only	singleton_45	cluster_92	cluster_102
sample_0176	B	B3	clinical	2018-07-20	2018	29	2018W29	217	not_real_data_test_only	singleton_144	singleton_66	cluster_95
sample_0177	C	B3	clinical	2018-07-13	2018	28	2018W28	1	not_real_data_test_only	cluster_58	cluster_82	cluster_61
sample_0178	A		clinical	2018-03-07	2018	10	2018W10	378	not_real_data_test_only	singleton_179	singleton_99	singleton_16
sample_0179	B	B4	clinical	2018-01-07	2018	1	2018W01	87	not_real_data_test_only	cluster_3	cluster_106	cluster_87
sample_0180	A	A1	clinical	2018-06-19	2018	25	2018W25	7	not_real_data_test_only	cluster_95	cluster_77	cluster_60
sample_0181	C	B4	clinical	2018-06-19	2018	25	2018W25	6	not_real_data_test_only	singleton_337	singleton_257	singleton_170
sample_0182	B	B5	clinical	2018-06-18	2018	25	2018W25	1	not_real_data_test_only	cluster_38	cluster_93	cluster_68
sample_0183	C	B5	clinical	2018-06-15	2018	24	2018W24	9	not_real_data_test_only	singleton_51	cluster_101	cluster_94
sample_0184	A	A2	clinical	2018-10-06	2018	40	2018W40	16	not_real_data_test_only	cluster_31	cluster_26	cluster_21
sample_0185	B	B6	clinical	2018-07-06	2018	27	2018W27	1	not_real_data_test_only	singleton_111	singleton_35	cluster_84
sample_0186	C	B6	clinical	2018-04-06	2018	14	2018W14	1	not_real_data_test_only	singleton_46	cluster_92	cluster_102
sample_0187	A	A3	clinical	2018-05-15	2018	20	2018W20	1	not_real_data_test_only	singleton_71	cluster_93	cluster_68
sample_0188	B	B7	clinical	2018-05-14	2018	20	2018W20	1	not_real_data_test_only	singleton_70	cluster_93	cluster_68
sample_0189	C	B7	clinical	2018-10-05	2018	40	2018W40	1	not_real_data_test_only	cluster_38	cluster_93	cluster_68
sample_0190	A	A4	clinical	2018-08-05	2018	31	2018W31	1	not_real_data_test_only	cluster_38	cluster_93	cluster_68
sample_0191	B		clinical	2018-04-23	2018	17	2018W17	16	not_real_data_test_only	cluster_31	cluster_26	cluster_21
sample_0192	C		clinical	2018-10-04	2018	40	2018W40	2	not_real_data_test_only	singleton_208	singleton_128	singleton_42
sample_0193	A	A5	clinical	2018-09-04	2018	36	2018W36	2	not_real_data_test_only	singleton_400	singleton_320	singleton_233
sample_0194	B	B1	clinical	2018-08-04	2018	31	2018W31	87	not_real_data_test_only	cluster_79	cluster_106	cluster_87
sample_0195	C	B1	clinical	2018-02-04	2018	5	2018W05	1	not_real_data_test_only	cluster_38	cluster_93	cluster_68
sample_0196	A	A6	clinical	2018-03-29	2018	13	2018W13	504	not_real_data_test_only	singleton_431	singleton_351	singleton_264
sample_0197	B	B2	clinical	2018-11-03	2018	44	2018W44	388	not_real_data_test_only	singleton_169	singleton_89	singleton_7
sample_0198	C	B2	clinical	2018-02-25	2018	8	2018W08	2	not_real_data_test_only	cluster_104	cluster_97	cluster_97
sample_0199	A	A7	clinical	2018-02-19	2018	8	2018W08	1	not_real_data_test_only	singleton_396	singleton_316	singleton_229
sample_0200	B	B3	clinical	2018-11-02	2018	44	2018W44	1	not_real_data_test_only	singleton_119	singleton_43	cluster_102
sample_0201	C	B3	clinical	2018-01-27	2018	4	2018W04	1	not_real_data_test_only	singleton_388	singleton_308	singleton_221
sample_0202	A	A8	clinical	2018-01-23	2018	4	2018W04	4	not_real_data_test_only	cluster_100	cluster_84	cluster_63
sample_0203	B	B4	clinical	2018-01-17	2018	3	2018W03	9	not_real_data_test_only	cluster_16	cluster_12	cluster_94
sample_0204	C	B4	clinical	2018-01-17	2018	3	2018W03	9	not_real_data_test_only	cluster_16	cluster_12	cluster_94
sample_0205	A	A9	clinical	2018-01-14	2018	2	2018W02	1	not_real_data_test_only	cluster_1	cluster_93	cluster_68
sample_0206	B	B5	clinical	2018-03-01	2018	9	2018W09	1	not_real_data_test_only	cluster_37	cluster_92	cluster_102
sample_0207	C	B5	clinical	2017-12-24	2017	51	2017W51	1	not_real_data_test_only	singleton_255	singleton_175	singleton_88
sample_0208	A		clinical	2017-11-28	2017	48	2017W48	1	not_real_data_test_only	singleton_245	singleton_165	singleton_79
sample_0209	B	B6	clinical	2017-11-24	2017	47	2017W47	1	not_real_data_test_only	cluster_41	cluster_32	cluster_24
sample_0210	C	B6	clinical	2017-10-18	2017	42	2017W42	2	not_real_data_test_only	cluster_65	cluster_52	cluster_40
sample_0211	A	A1	clinical	2017-04-10	2017	15	2017W15	87	not_real_data_test_only	singleton_5	cluster_106	cluster_87
sample_0212	B	B7	clinical	2017-09-29	2017	39	2017W39	1	not_real_data_test_only	cluster_1	cluster_93	cluster_68
sample_0213	C	B7	clinical	2017-09-22	2017	38	2017W38	1	not_real_data_test_only	cluster_41	cluster_32	cluster_24
sample_0214	A	A2	clinical	2017-09-16	2017	37	2017W37	1	not_real_data_test_only	singleton_283	singleton_203	singleton_116
sample_0215	B		clinical	2017-03-09	2017	10	2017W10	26	not_real_data_test_only	cluster_43	cluster_34	cluster_26
sample_0216	C		clinical	2017-03-09	2017	10	2017W10	1	not_real_data_test_only	cluster_37	cluster_92	cluster_102
sample_0217	A	A3	clinical	2017-08-26	2017	34	2017W34	403	not_real_data_test_only	cluster_60	cluster_47	cluster_35
sample_0218	B	B1	clinical	2017-04-08	2017	14	2017W14	1	not_real_data_test_only	singleton_129	singleton_51	cluster_89
sample_0219	C	B1	clinical	2017-07-30	2017	30	2017W30	1	not_real_data_test_only	cluster_37	cluster_92	cluster_102
sample_0220	A	A4	clinical	2017-07-29	2017	30	2017W30	26	not_real_data_test_only	cluster_43	cluster_34	cluster_26
sample_0221	B	B2	clinical	2017-07-23	2017	29	2017W29	382	not_real_data_test_only	singleton_340	singleton_260	singleton_173
sample_0222	C	B2	clinical	2017-12-07	2017	49	2017W49	26	not_real_data_test_only	cluster_43	cluster_34	cluster_26
sample_0223	A	A5	clinical	2017-06-07	2017	23	2017W23	217	not_real_data_test_only	singleton_334	singleton_254	singleton_167
sample_0224	B	B3	clinical	2017-06-30	2017	26	2017W26	378	not_real_data_test_only	cluster_46	cluster_37	cluster_29
sample_0225	C	B3	clinical	2017-06-25	2017	25	2017W25	378	not_real_data_test_only	cluster_105	cluster_99	cluster_101
sample_0226	A	A6	clinical	2017-06-24	2017	25	2017W25	6	not_real_data_test_only	singleton_292	singleton_212	singleton_125
sample_0227	B	B4	clinical	2017-06-20	2017	25	2017W25	1	not_real_data_test_only	singleton_184	singleton_104	singleton_21
sample_0228	C	B4	clinical	2017-06-13	2017	24	2017W24	87	not_real_data_test_only	cluster_79	cluster_106	cluster_87
sample_0229	A	A7	clinical	2017-12-06	2017	49	2017W49	6	not_real_data_test_only	singleton_220	singleton_140	singleton_54
sample_0230	B	B5	clinical	2017-11-06	2017	45	2017W45	378	not_real_data_test_only	cluster_46	cluster_37	cluster_29
sample_0231	C	B5	clinical	2017-10-06	2017	40	2017W40	217	not_real_data_test_only	singleton_290	singleton_210	singleton_123
sample_0232	A	A8	clinical	2017-05-18	2017	20	2017W20	8	not_real_data_test_only	singleton_232	singleton_152	singleton_66
sample_0233	B	B6	clinical	2017-05-17	2017	20	2017W20	6	not_real_data_test_only	cluster_74	cluster_102	cluster_71
sample_0234	C	B6	clinical	2017-05-16	2017	20	2017W20	6	not_real_data_test_only	cluster_74	cluster_102	cluster_71
sample_0235	A	A9	clinical	2017-08-05	2017	31	2017W31	121	not_real_data_test_only	singleton_21	cluster_80	cluster_93
sample_0236	B	B7	clinical	2017-06-05	2017	23	2017W23	16	not_real_data_test_only	cluster_31	cluster_26	cluster_21
sample_0237	C	B7	clinical	2017-03-30	2017	13	2017W13	1	not_real_data_test_only	singleton_156	singleton_78	cluster_102
sample_0238	A		clinical	2017-03-24	2017	12	2017W12	6	not_real_data_test_only	cluster_101	cluster_102	cluster_71
sample_0239	B		clinical	2017-03-23	2017	12	2017W12	87	not_real_data_test_only	cluster_75	cluster_61	cluster_87
sample_0240	C		clinical	2017-03-13	2017	11	2017W11	26	not_real_data_test_only	cluster_43	cluster_34	cluster_26
sample_0241	A	A1	clinical	2017-02-19	2017	7	2017W07	1	not_real_data_test_only	cluster_1	cluster_93	cluster_68
sample_0242	B	B1	clinical	2017-01-25	2017	4	2017W04	121	not_real_data_test_only	singleton_307	singleton_227	singleton_140
sample_0243	C	B1	clinical	2016-11-22	2016	47	2016W47	1	not_real_data_test_only	singleton_421	singleton_341	singleton_254
sample_0244	A	A2	clinical	2016-10-25	2016	43	2016W43	1	not_real_data_test_only	cluster_37	cluster_92	cluster_102
sample_0245	B	B2	clinical	2016-06-10	2016	23	2016W23	388	not_real_data_test_only	singleton_247	singleton_167	singleton_81
sample_0246	C	B2	clinical	2016-06-09	2016	23	2016W23	1	not_real_data_test_only	cluster_37	cluster_92	cluster_102
sample_0247	A	A3	clinical	2016-08-27	2016	34	2016W34	219	not_real_data_test_only	singleton_319	singleton_239	singleton_152
sample_0248	B	B3	clinical	2016-11-08	2016	45	2016W45	378	not_real_data_test_only	singleton_26	cluster_89	cluster_101
sample_0249	A	A4	clinical	2016-07-14	2016	28	2016W28	87	not_real_data_test_only	singleton_287	singleton_207	singleton_120
sample_0250	C	B3	clinical	2016-07-14	2016	28	2016W28	87	not_real_data_test_only	cluster_79	cluster_106	cluster_87
sample_0251	B	B4	clinical	2016-06-25	2016	25	2016W25	6	not_real_data_test_only	singleton_72	cluster_109	cluster_109
sample_0252	C	B4	clinical	2016-06-15	2016	24	2016W24	1	not_real_data_test_only	cluster_57	cluster_45	cluster_90
sample_0253	A	A5	clinical	2016-09-06	2016	36	2016W36	1	not_real_data_test_only	cluster_1	cluster_93	cluster_68
sample_0254	B	B5	clinical	2016-08-06	2016	31	2016W31	1	not_real_data_test_only	singleton_278	singleton_198	singleton_111
sample_0255	A	A6	clinical	2016-05-24	2016	21	2016W21	2	not_real_data_test_only	singleton_204	singleton_124	singleton_38
sample_0256	C	B5	clinical	2016-05-24	2016	21	2016W21	2	not_real_data_test_only	cluster_91	cluster_74	cluster_58
sample_0257	B	B6	clinical	2016-05-19	2016	20	2016W20	121	not_real_data_test_only	cluster_51	cluster_80	cluster_93
sample_0258	C	B6	clinical	2016-05-19	2016	20	2016W20	155	not_real_data_test_only	singleton_162	singleton_82	singleton_1
sample_0259	A	A7	clinical	2016-08-04	2016	31	2016W31	1	not_real_data_test_only	singleton_89	singleton_13	cluster_108
sample_0260	B	B7	clinical	2016-02-04	2016	5	2016W05	217	not_real_data_test_only	singleton_310	singleton_230	singleton_143
sample_0261	C	B7	clinical	2016-01-04	2016	1	2016W01	219	not_real_data_test_only	singleton_166	singleton_86	singleton_5
sample_0262	A	A8	clinical	2016-02-22	2016	8	2016W08	87	not_real_data_test_only	cluster_75	cluster_61	cluster_87
sample_0263	B		clinical	2016-09-02	2016	35	2016W35	14	not_real_data_test_only	cluster_15	cluster_11	cluster_8
sample_0264	C		clinical	2016-07-02	2016	26	2016W26	14	not_real_data_test_only	cluster_15	cluster_11	cluster_8
sample_0265	A	A9	clinical	2016-01-29	2016	4	2016W04	1	not_real_data_test_only	singleton_36	cluster_91	cluster_102
sample_0266	B	B1	clinical	2016-01-20	2016	3	2016W03	121	not_real_data_test_only	singleton_114	singleton_38	cluster_93
sample_0267	C	B1	clinical	2015-12-31	2015	53	2015W53	1	not_real_data_test_only	cluster_76	cluster_62	cluster_102
sample_0268	A		clinical	2015-12-30	2015	53	2015W53	217	not_real_data_test_only	singleton_168	singleton_88	singleton_6
sample_0269	B	B2	clinical	2015-12-28	2015	53	2015W53	1	not_real_data_test_only	cluster_1	cluster_93	cluster_68
sample_0270	C	B2	clinical	2015-03-12	2015	11	2015W11	1	not_real_data_test_only	singleton_233	singleton_153	singleton_67
sample_0271	A	A1	clinical	2015-11-29	2015	48	2015W48	6	not_real_data_test_only	singleton_323	singleton_243	singleton_156
sample_0272	B	B3	clinical	2015-11-25	2015	48	2015W48	388	not_real_data_test_only	cluster_28	cluster_23	cluster_19
sample_0273	C	B3	clinical	2015-11-25	2015	48	2015W48	388	not_real_data_test_only	cluster_28	cluster_23	cluster_19
sample_0274	A	A2	clinical	2015-12-11	2015	50	2015W50	382	not_real_data_test_only	cluster_116	cluster_121	cluster_106
sample_0275	B	B4	clinical	2015-08-11	2015	33	2015W33	382	not_real_data_test_only	cluster_116	cluster_121	cluster_106
sample_0276	A	A3	food	2015-10-30	2015	44	2015W44	121	not_real_data_test_only	singleton_34	cluster_21	cluster_17
sample_0277	B	B5	food	2015-10-30	2015	44	2015W44	121	not_real_data_test_only	singleton_76	singleton_2	cluster_6
sample_0278	C	B4	food	2015-10-30	2015	44	2015W44	4	not_real_data_test_only	singleton_102	singleton_26	cluster_82
sample_0279	C	B5	clinical	2015-09-23	2015	39	2015W39	1	not_real_data_test_only	singleton_66	cluster_30	cluster_108
sample_0280	A	A4	clinical	2015-07-09	2015	28	2015W28	388	not_real_data_test_only	singleton_377	singleton_297	singleton_210
sample_0281	B	B6	clinical	2015-08-15	2015	33	2015W33	na	not_real_data_test_only	cluster_99	cluster_13	cluster_9
sample_0282	C	B6	clinical	2015-04-08	2015	15	2015W15	na	not_real_data_test_only	singleton_92	singleton_16	cluster_78
sample_0283	A	A5	clinical	2015-01-08	2015	2	2015W02	na	not_real_data_test_only	cluster_99	cluster_13	cluster_9
sample_0284	B	B7	clinical	2015-07-18	2015	29	2015W29	8	not_real_data_test_only	cluster_48	cluster_39	cluster_107
sample_0285	C	B7	clinical	2015-07-17	2015	29	2015W29	219	not_real_data_test_only	cluster_120	cluster_125	cluster_114
sample_0286	A	A6	clinical	2015-09-07	2015	37	2015W37	87	not_real_data_test_only	cluster_79	cluster_106	cluster_87
sample_0287	B		clinical	2015-05-07	2015	19	2015W19	87	not_real_data_test_only	singleton_217	singleton_137	singleton_51
sample_0288	C		clinical	2015-06-30	2015	27	2015W27	6	not_real_data_test_only	singleton_372	singleton_292	singleton_205
sample_0289	A	A7	clinical	2015-06-18	2015	25	2015W25	na	not_real_data_test_only	singleton_387	singleton_307	singleton_220
sample_0290	B	B1	clinical	2015-06-15	2015	25	2015W25	6	not_real_data_test_only	singleton_127	singleton_49	cluster_109
sample_0291	C	B1	clinical	2015-06-14	2015	24	2015W24	1	not_real_data_test_only	singleton_317	singleton_237	singleton_150
sample_0292	A	A8	clinical	2015-05-30	2015	22	2015W22	87	not_real_data_test_only	cluster_79	cluster_106	cluster_87
sample_0293	B	B2	clinical	2015-05-26	2015	22	2015W22	1	not_real_data_test_only	cluster_35	cluster_29	cluster_90
sample_0294	C	B2	clinical	2015-05-24	2015	21	2015W21	1	not_real_data_test_only	singleton_254	singleton_174	singleton_87
sample_0295	A	A9	clinical	2015-05-21	2015	21	2015W21	6	not_real_data_test_only	cluster_21	cluster_17	cluster_13
sample_0296	B	B3	clinical	2015-05-18	2015	21	2015W21	1	not_real_data_test_only	singleton_120	singleton_44	cluster_102
sample_0297	C	B3	clinical	2015-12-05	2015	49	2015W49	217	not_real_data_test_only	singleton_359	singleton_279	singleton_192
sample_0298	A		clinical	2015-05-05	2015	19	2015W19	1	not_real_data_test_only	cluster_66	cluster_53	cluster_41
sample_0299	B	B4	clinical	2015-03-05	2015	10	2015W10	29	not_real_data_test_only	singleton_79	cluster_112	cluster_98
sample_0300	C	B4	food	2015-04-29	2015	18	2015W18	na	not_real_data_test_only	singleton_221	singleton_141	singleton_55
sample_0301	A	A1	clinical	2015-04-27	2015	18	2015W18	na	not_real_data_test_only	cluster_109	cluster_111	cluster_74
sample_0302	B	B5	clinical	2015-04-27	2015	18	2015W18	1	not_real_data_test_only	singleton_234	singleton_154	singleton_68
sample_0303	C	B5	clinical	2015-04-24	2015	17	2015W17	8	not_real_data_test_only	singleton_52	cluster_96	cluster_107
sample_0304	A	A2	clinical	2015-11-04	2015	45	2015W45	1	not_real_data_test_only	cluster_66	cluster_53	cluster_41
sample_0305	B	B6	clinical	2015-10-04	2015	40	2015W40	6	not_real_data_test_only	singleton_308	singleton_228	singleton_141
sample_0306	C	B6	clinical	2015-03-16	2015	12	2015W12	388	not_real_data_test_only	singleton_118	singleton_42	cluster_86
sample_0307	A	A3	clinical	2015-03-15	2015	11	2015W11	na	not_real_data_test_only	singleton_142	singleton_64	cluster_8
sample_0308	B	B7	clinical	2015-12-03	2015	49	2015W49	1	not_real_data_test_only	singleton_75	singleton_1	cluster_90
sample_0309	C	B7	clinical	2015-02-25	2015	9	2015W09	6	not_real_data_test_only	cluster_21	cluster_17	cluster_13
sample_0310	A	A4	food	2015-02-18	2015	8	2015W08	6	not_real_data_test_only	cluster_110	cluster_113	cluster_75
sample_0311	B		clinical	2015-09-02	2015	36	2015W36	14	not_real_data_test_only	cluster_15	cluster_11	cluster_8
sample_0312	C		clinical	2015-04-02	2015	14	2015W14	1	not_real_data_test_only	cluster_40	cluster_81	cluster_90
sample_0313	A	A5	clinical	2015-01-28	2015	5	2015W05	na	not_real_data_test_only	singleton_330	singleton_250	singleton_163
sample_0314	B	B1	food	2015-01-24	2015	4	2015W04	6	not_real_data_test_only	cluster_110	cluster_113	cluster_75
sample_0315	A	A6	clinical	2015-01-20	2015	4	2015W04	3	not_real_data_test_only	singleton_8	cluster_83	cluster_62
sample_0316	C	B1	clinical	2015-01-20	2015	4	2015W04	200	not_real_data_test_only	cluster_45	cluster_36	cluster_28
sample_0317	B	B2	food	2015-01-16	2015	3	2015W03	1	not_real_data_test_only	cluster_102	cluster_86	cluster_65
sample_0318	C	B2	food	2015-01-16	2015	3	2015W03	1	not_real_data_test_only	cluster_102	cluster_86	cluster_65
sample_0319	A	A7	clinical	2015-08-01	2015	31	2015W31	1	not_real_data_test_only	cluster_76	cluster_62	cluster_102
sample_0320	B	B3	food	2014-12-15	2014	51	2014W51	121	not_real_data_test_only	singleton_282	singleton_202	singleton_115
sample_0321	A	A8	food	2014-04-12	2014	15	2014W15	7	not_real_data_test_only	cluster_20	cluster_16	cluster_12
sample_0322	C	B3	clinical	2014-04-12	2014	15	2014W15	1	not_real_data_test_only	cluster_54	cluster_42	cluster_32
sample_0323	B	B4	clinical	2014-11-27	2014	48	2014W48	388	not_real_data_test_only	cluster_82	cluster_65	cluster_50
sample_0324	C	B4	clinical	2014-11-17	2014	47	2014W47	1	not_real_data_test_only	cluster_32	cluster_27	cluster_108
sample_0325	A	A9	clinical	2014-05-11	2014	19	2014W19	1	not_real_data_test_only	singleton_205	singleton_125	singleton_39
sample_0326	B	B5	clinical	2014-03-11	2014	11	2014W11	155	not_real_data_test_only	cluster_49	cluster_40	cluster_99
sample_0327	A		food	2014-10-21	2014	43	2014W43	54	not_real_data_test_only	singleton_411	singleton_331	singleton_244
sample_0328	A	A1	food	2014-10-21	2014	43	2014W43	1	not_real_data_test_only	singleton_268	singleton_188	singleton_101
sample_0329	B	B6	food	2014-10-21	2014	43	2014W43	na	not_real_data_test_only	singleton_443	singleton_363	singleton_276
sample_0330	C	B5	food	2014-10-21	2014	43	2014W43	121	not_real_data_test_only	singleton_269	singleton_189	singleton_102
sample_0331	C	B6	food	2014-10-21	2014	43	2014W43	1	not_real_data_test_only	singleton_213	singleton_133	singleton_47
sample_0332	B	B7	food	2014-10-17	2014	42	2014W42	3	not_real_data_test_only	singleton_215	singleton_135	singleton_49
sample_0333	C	B7	clinical	2014-10-15	2014	42	2014W42	217	not_real_data_test_only	cluster_121	cluster_126	cluster_115
sample_0334	A	A2	clinical	2014-05-10	2014	19	2014W19	1	not_real_data_test_only	cluster_6	cluster_3	cluster_3
sample_0335	B		clinical	2014-09-22	2014	39	2014W39	1	not_real_data_test_only	singleton_74	cluster_62	cluster_102
sample_0336	C		clinical	2014-09-18	2014	38	2014W38	1	not_real_data_test_only	singleton_38	cluster_93	cluster_68
sample_0337	A	A3	food	2014-08-26	2014	35	2014W35	121	not_real_data_test_only	singleton_197	singleton_117	singleton_33
sample_0338	B	B1	clinical	2014-01-08	2014	2	2014W02	na	not_real_data_test_only	cluster_81	cluster_82	cluster_61
sample_0339	C	B1	clinical	2014-07-17	2014	29	2014W29	2	not_real_data_test_only	cluster_90	cluster_73	cluster_57
sample_0340	A	A4	food	2014-06-25	2014	26	2014W26	7	not_real_data_test_only	singleton_418	singleton_338	singleton_251
sample_0341	B	B2	clinical	2014-06-23	2014	26	2014W26	4	not_real_data_test_only	cluster_112	cluster_115	cluster_82
sample_0342	C	B2	clinical	2014-03-06	2014	10	2014W10	4	not_real_data_test_only	cluster_64	cluster_51	cluster_39
sample_0343	A	A5	food	2014-05-19	2014	21	2014W21	9	not_real_data_test_only	singleton_267	singleton_187	singleton_100
sample_0344	B	B3	food	2014-11-05	2014	45	2014W45	8	not_real_data_test_only	singleton_159	cluster_120	cluster_105
sample_0345	C	B3	food	2014-08-05	2014	32	2014W32	8	not_real_data_test_only	singleton_160	cluster_120	cluster_105
sample_0346	A	A6	food	2014-04-29	2014	18	2014W18	9	not_real_data_test_only	singleton_112	singleton_36	cluster_94
sample_0347	B	B4	clinical	2014-04-25	2014	17	2014W17	666	not_real_data_test_only	singleton_200	singleton_120	cluster_111
sample_0348	C	B4	food	2014-04-22	2014	17	2014W17	29	not_real_data_test_only	cluster_111	cluster_114	cluster_80
sample_0349	A	A7	clinical	2014-04-17	2014	16	2014W16	2	not_real_data_test_only	cluster_91	cluster_74	cluster_58
sample_0350	B	B5	clinical	2014-03-29	2014	13	2014W13	3	not_real_data_test_only	singleton_238	singleton_158	singleton_72
sample_0351	C	B5	clinical	2014-03-20	2014	12	2014W12	1	not_real_data_test_only	cluster_63	cluster_50	cluster_38
sample_0352	A	A8	clinical	2014-03-13	2014	11	2014W11	8	not_real_data_test_only	singleton_125	singleton_47	cluster_107
sample_0353	B	B6	clinical	2014-03-13	2014	11	2014W11	8	not_real_data_test_only	cluster_48	cluster_39	cluster_107
sample_0354	C	B6	food	2014-03-13	2014	11	2014W11	9	not_real_data_test_only	singleton_68	cluster_12	cluster_94
sample_0355	A	A9	clinical	2014-05-03	2014	18	2014W18	8	not_real_data_test_only	singleton_115	singleton_39	cluster_107
sample_0356	A		food	2014-05-03	2014	18	2014W18	9	not_real_data_test_only	singleton_161	singleton_81	cluster_10
sample_0357	A	A1	food	2014-05-03	2014	18	2014W18	na	not_real_data_test_only	singleton_438	singleton_358	singleton_271
sample_0358	B	B7	food	2014-05-03	2014	18	2014W18	9	not_real_data_test_only	singleton_48	cluster_100	cluster_70
sample_0359	B		food	2014-05-03	2014	18	2014W18	3	not_real_data_test_only	singleton_209	singleton_129	singleton_43
sample_0360	C	B7	food	2014-05-03	2014	18	2014W18	2	not_real_data_test_only	singleton_353	singleton_273	singleton_186
sample_0361	C		food	2014-05-03	2014	18	2014W18	na	not_real_data_test_only	cluster_69	cluster_56	cluster_43
sample_0362	B	B1	clinical	2014-02-25	2014	9	2014W09	1	not_real_data_test_only	cluster_63	cluster_50	cluster_38
sample_0363	A	A2	food	2014-02-17	2014	8	2014W08	29	not_real_data_test_only	singleton_124	cluster_116	cluster_98
sample_0364	C	B1	food	2014-02-17	2014	8	2014W08	121	not_real_data_test_only	singleton_239	singleton_159	singleton_73
sample_0365	B	B2	clinical	2014-02-16	2014	7	2014W07	8	not_real_data_test_only	cluster_48	cluster_39	cluster_107
sample_0366	C	B2	clinical	2014-09-02	2014	36	2014W36	1	not_real_data_test_only	singleton_39	cluster_94	cluster_69
sample_0367	A	A3	food	2014-01-24	2014	4	2014W04	9	not_real_data_test_only	cluster_16	cluster_12	cluster_94
sample_0368	B	B3	food	2014-01-24	2014	4	2014W04	29	not_real_data_test_only	cluster_111	cluster_114	cluster_80
sample_0369	C	B3	clinical	2014-01-21	2014	4	2014W04	2	not_real_data_test_only	cluster_39	cluster_31	cluster_23
sample_0370	A	A4	clinical	2014-01-13	2014	3	2014W03	200	not_real_data_test_only	cluster_45	cluster_36	cluster_28
sample_0371	B	B4	food	2014-01-13	2014	3	2014W03	na	not_real_data_test_only	singleton_80	cluster_112	cluster_98
sample_0372	C	B4	food	2014-07-01	2014	27	2014W27	9	not_real_data_test_only	singleton_403	singleton_323	singleton_236
sample_0373	A	A5	clinical	2013-12-18	2013	51	2013W51	2	not_real_data_test_only	singleton_23	cluster_48	cluster_36
sample_0374	B	B5	clinical	2013-11-27	2013	48	2013W48	2	not_real_data_test_only	cluster_39	cluster_31	cluster_23
sample_0375	C	B5	food	2013-11-25	2013	48	2013W48	121	not_real_data_test_only	cluster_115	cluster_119	cluster_104
sample_0376	A	A6	food	2013-05-11	2013	19	2013W19	6	not_real_data_test_only	cluster_109	cluster_111	cluster_74
sample_0377	B	B6	clinical	2013-04-11	2013	15	2013W15	8	not_real_data_test_only	singleton_105	singleton_29	cluster_83
sample_0378	C	B6	clinical	2013-10-28	2013	44	2013W44	2	not_real_data_test_only	cluster_61	cluster_48	cluster_36
sample_0379	A	A7	food	2013-10-24	2013	43	2013W43	2	not_real_data_test_only	singleton_423	singleton_343	singleton_256
sample_0380	B	B7	food	2013-10-20	2013	42	2013W42	121	not_real_data_test_only	cluster_115	cluster_119	cluster_104
sample_0381	C	B7	food	2013-10-20	2013	42	2013W42	121	not_real_data_test_only	cluster_115	cluster_119	cluster_104
sample_0382	A	A8	clinical	2013-09-20	2013	38	2013W38	87	not_real_data_test_only	cluster_75	cluster_61	cluster_87
sample_0383	A	A9	clinical	2013-06-19	2013	25	2013W25	155	not_real_data_test_only	cluster_49	cluster_40	cluster_99
sample_0384	B		clinical	2013-06-19	2013	25	2013W25	217	not_real_data_test_only	cluster_22	cluster_18	cluster_14
sample_0385	C		clinical	2013-06-19	2013	25	2013W25	217	not_real_data_test_only	cluster_22	cluster_18	cluster_14
sample_0386	B	B1	clinical	2013-05-06	2013	19	2013W19	1	not_real_data_test_only	cluster_40	cluster_81	cluster_90
sample_0387	C	B1	clinical	2013-01-05	2013	1	2013W01	219	not_real_data_test_only	cluster_120	cluster_125	cluster_114
sample_0388	A		clinical	2013-04-22	2013	17	2013W17	2	not_real_data_test_only	cluster_61	cluster_48	cluster_36
sample_0389	B	B2	clinical	2013-04-15	2013	16	2013W16	224	not_real_data_test_only	singleton_355	singleton_275	singleton_188
sample_0390	C	B2	food	2013-10-04	2013	40	2013W40	388	not_real_data_test_only	singleton_347	singleton_267	singleton_180
sample_0391	A	A1	clinical	2013-09-04	2013	36	2013W36	1	not_real_data_test_only	cluster_76	cluster_62	cluster_102
sample_0392	B	B3	clinical	2013-01-04	2013	1	2013W01	1	not_real_data_test_only	singleton_186	singleton_106	singleton_23
sample_0393	C	B3	clinical	2013-01-04	2013	1	2013W01	1	not_real_data_test_only	cluster_37	cluster_92	cluster_102
sample_0394	A	A2	clinical	2013-03-19	2013	12	2013W12	4	not_real_data_test_only	singleton_275	singleton_195	singleton_108
sample_0395	B	B4	clinical	2013-03-19	2013	12	2013W12	219	not_real_data_test_only	singleton_393	singleton_313	singleton_226
sample_0396	C	B4	clinical	2013-03-16	2013	11	2013W11	na	not_real_data_test_only	singleton_298	singleton_218	singleton_131
sample_0397	A	A3	clinical	2013-12-03	2013	49	2013W49	1	not_real_data_test_only	cluster_6	cluster_3	cluster_3
sample_0398	A	A4	food	2013-12-03	2013	49	2013W49	121	not_real_data_test_only	cluster_86	cluster_69	cluster_54
sample_0399	B	B5	food	2013-12-03	2013	49	2013W49	1	not_real_data_test_only	singleton_407	singleton_327	singleton_240
sample_0400	B	B6	food	2013-12-03	2013	49	2013W49	121	not_real_data_test_only	cluster_86	cluster_69	cluster_54
sample_0401	C	B5	food	2013-12-03	2013	49	2013W49	121	not_real_data_test_only	singleton_15	cluster_9	cluster_6
sample_0402	A	A5	food	2013-02-28	2013	9	2013W09	91	not_real_data_test_only	singleton_437	singleton_357	singleton_270
sample_0403	C	B6	food	2013-02-28	2013	9	2013W09	9	not_real_data_test_only	cluster_18	cluster_14	cluster_10
sample_0404	B	B7	clinical	2013-10-02	2013	40	2013W40	101	not_real_data_test_only	cluster_123	cluster_128	cluster_117
sample_0405	C	B7	clinical	2013-09-02	2013	36	2013W36	736	not_real_data_test_only	cluster_118	cluster_123	cluster_112
sample_0406	A	A6	clinical	2013-04-02	2013	14	2013W14	4	not_real_data_test_only	cluster_112	cluster_115	cluster_82
sample_0407	B		clinical	2013-01-31	2013	5	2013W05	217	not_real_data_test_only	cluster_121	cluster_126	cluster_115
sample_0408	C		clinical	2013-01-30	2013	5	2013W05	3	not_real_data_test_only	singleton_276	singleton_196	singleton_109
sample_0409	A	A7	clinical	2013-01-23	2013	4	2013W04	87	not_real_data_test_only	singleton_90	singleton_14	cluster_87
sample_0410	B	B1	clinical	2013-01-14	2013	3	2013W03	4	not_real_data_test_only	singleton_271	singleton_191	singleton_104
sample_0411	C	B1	clinical	2013-12-01	2013	48	2013W48	6	not_real_data_test_only	singleton_158	singleton_80	cluster_74
sample_0412	A	A8	food	2012-04-12	2012	15	2012W15	121	not_real_data_test_only	singleton_256	singleton_176	singleton_89
sample_0413	A	A9	food	2012-03-12	2012	11	2012W11	121	not_real_data_test_only	singleton_113	singleton_37	cluster_54
sample_0414	A		food	2012-03-12	2012	11	2012W11	20	not_real_data_test_only	singleton_19	cluster_87	cluster_66
sample_0415	B	B2	food	2012-03-12	2012	11	2012W11	155	not_real_data_test_only	cluster_83	cluster_66	cluster_51
sample_0416	B	B3	food	2012-03-12	2012	11	2012W11	155	not_real_data_test_only	cluster_83	cluster_66	cluster_51
sample_0417	B	B4	food	2012-03-12	2012	11	2012W11	20	not_real_data_test_only	singleton_20	cluster_87	cluster_66
sample_0418	C	B2	food	2012-03-12	2012	11	2012W11	121	not_real_data_test_only	singleton_198	singleton_118	singleton_34
sample_0419	C	B3	food	2012-03-12	2012	11	2012W11	87	not_real_data_test_only	cluster_34	cluster_106	cluster_87
sample_0420	C	B4	food	2012-11-27	2012	48	2012W48	217	not_real_data_test_only	singleton_227	singleton_147	singleton_61
sample_0421	A	A1	food	2012-11-26	2012	48	2012W48	1	not_real_data_test_only	singleton_182	singleton_102	singleton_19
sample_0422	B	B5	clinical	2012-11-22	2012	47	2012W47	87	not_real_data_test_only	cluster_11	cluster_106	cluster_87
sample_0423	C	B5	food	2012-11-16	2012	46	2012W46	1	not_real_data_test_only	cluster_54	cluster_42	cluster_32
sample_0424	A	A2	food	2012-11-15	2012	46	2012W46	1	not_real_data_test_only	cluster_54	cluster_42	cluster_32
sample_0425	A	A3	food	2012-11-14	2012	46	2012W46	1	not_real_data_test_only	cluster_54	cluster_42	cluster_32
sample_0426	B	B6	food	2012-11-14	2012	46	2012W46	1	not_real_data_test_only	cluster_54	cluster_42	cluster_32
sample_0427	B	B7	food	2012-11-14	2012	46	2012W46	1	not_real_data_test_only	cluster_54	cluster_42	cluster_32
sample_0428	C	B6	food	2012-11-14	2012	46	2012W46	na	not_real_data_test_only	singleton_83	singleton_7	cluster_76
sample_0429	A	A4	food	2012-12-11	2012	50	2012W50	9	not_real_data_test_only	singleton_306	singleton_226	singleton_139
sample_0430	C	B7	food	2012-12-11	2012	50	2012W50	6	not_real_data_test_only	singleton_343	singleton_263	singleton_176
sample_0431	B		food	2012-06-11	2012	24	2012W24	9	not_real_data_test_only	cluster_18	cluster_14	cluster_10
sample_0432	A	A5	food	2012-10-18	2012	42	2012W42	1	not_real_data_test_only	cluster_9	cluster_6	cluster_108
sample_0433	B	B1	food	2012-10-18	2012	42	2012W42	1	not_real_data_test_only	cluster_9	cluster_6	cluster_108
sample_0434	C		food	2012-10-18	2012	42	2012W42	8	not_real_data_test_only	singleton_189	singleton_109	singleton_25
sample_0435	C	B1	food	2012-10-17	2012	42	2012W42	7	not_real_data_test_only	singleton_264	singleton_184	singleton_97
sample_0436	A	A6	food	2012-10-15	2012	42	2012W42	9	not_real_data_test_only	singleton_266	singleton_186	singleton_99
sample_0437	B	B2	clinical	2012-09-14	2012	37	2012W37	382	not_real_data_test_only	singleton_16	cluster_103	cluster_72
sample_0438	A	A7	clinical	2012-04-09	2012	15	2012W15	6	not_real_data_test_only	cluster_19	cluster_15	cluster_11
sample_0439	C	B2	clinical	2012-04-09	2012	15	2012W15	6	not_real_data_test_only	cluster_19	cluster_15	cluster_11
sample_0440	B	B3	clinical	2012-08-22	2012	34	2012W34	382	not_real_data_test_only	singleton_17	cluster_103	cluster_72
sample_0441	A	A8	clinical	2012-01-06	2012	1	2012W01	87	not_real_data_test_only	cluster_11	cluster_106	cluster_87
sample_0442	C	B3	clinical	2012-01-06	2012	1	2012W01	87	not_real_data_test_only	cluster_11	cluster_106	cluster_87
sample_0443	B	B4	clinical	2012-09-02	2012	35	2012W35	736	not_real_data_test_only	cluster_118	cluster_123	cluster_112
sample_0444	C	B4	clinical	2011-10-12	2011	41	2011W41	1	not_real_data_test_only	cluster_93	cluster_81	cluster_90
sample_0445	A	A9	clinical	2011-08-12	2011	32	2011W32	1	not_real_data_test_only	cluster_93	cluster_81	cluster_90
sample_0446	B	B5	clinical	2011-10-28	2011	43	2011W43	6	not_real_data_test_only	singleton_321	singleton_241	singleton_154
sample_0447	C	B5	clinical	2011-10-10	2011	41	2011W41	87	not_real_data_test_only	cluster_3	cluster_106	cluster_87
sample_0448	A		clinical	2011-01-10	2011	2	2011W02	1	not_real_data_test_only	cluster_37	cluster_92	cluster_102
sample_0449	B	B6	clinical	2011-09-16	2011	37	2011W37	1	not_real_data_test_only	cluster_94	cluster_76	cluster_59
sample_0450	C	B6	clinical	2011-09-13	2011	37	2011W37	6	not_real_data_test_only	singleton_33	cluster_90	cluster_67
sample_0451	A	A1	clinical	2011-12-09	2011	49	2011W49	1	not_real_data_test_only	cluster_37	cluster_92	cluster_102
sample_0452	B	B7	clinical	2011-12-09	2011	49	2011W49	1	not_real_data_test_only	singleton_360	singleton_280	singleton_193
sample_0453	C	B7	clinical	2011-08-09	2011	32	2011W32	1	not_real_data_test_only	singleton_58	cluster_105	cluster_90
sample_0454	A	A2	clinical	2011-04-09	2011	14	2011W14	1	not_real_data_test_only	singleton_384	singleton_304	singleton_217
sample_0455	B		clinical	2011-08-28	2011	34	2011W34	388	not_real_data_test_only	singleton_170	singleton_90	singleton_8
sample_0456	C		clinical	2011-09-08	2011	36	2011W36	2	not_real_data_test_only	singleton_181	singleton_101	singleton_18
sample_0457	A	A3	clinical	2011-07-28	2011	30	2011W30	3	not_real_data_test_only	singleton_295	singleton_215	singleton_128
sample_0458	B	B1	clinical	2011-07-21	2011	29	2011W29	217	not_real_data_test_only	singleton_147	singleton_69	cluster_96
sample_0459	A	A4	clinical	2011-07-19	2011	29	2011W29	1	not_real_data_test_only	cluster_97	cluster_79	cluster_90
sample_0460	C	B1	clinical	2011-07-19	2011	29	2011W29	1	not_real_data_test_only	cluster_40	cluster_81	cluster_90
sample_0461	B	B2	clinical	2011-06-27	2011	26	2011W26	na	not_real_data_test_only	singleton_405	singleton_325	singleton_238
sample_0462	C	B2	clinical	2011-06-24	2011	25	2011W25	1	not_real_data_test_only	cluster_93	cluster_81	cluster_90
sample_0463	A	A5	clinical	2011-06-21	2011	25	2011W25	2	not_real_data_test_only	singleton_28	cluster_74	cluster_58
sample_0464	B	B3	clinical	2011-06-20	2011	25	2011W25	87	not_real_data_test_only	cluster_34	cluster_106	cluster_87
sample_0465	C	B3	clinical	2011-07-06	2011	27	2011W27	2	not_real_data_test_only	singleton_180	singleton_100	singleton_17
sample_0466	A	A6	clinical	2011-05-26	2011	21	2011W21	121	not_real_data_test_only	singleton_309	singleton_229	singleton_142
sample_0467	B	B4	clinical	2011-05-05	2011	18	2011W18	1	not_real_data_test_only	singleton_422	singleton_342	singleton_255
sample_0468	C	B4	clinical	2011-04-27	2011	17	2011W17	1	not_real_data_test_only	cluster_40	cluster_81	cluster_90
sample_0469	A	A7	clinical	2011-04-16	2011	15	2011W15	219	not_real_data_test_only	singleton_331	singleton_251	singleton_164
sample_0470	B	B5	clinical	2011-04-14	2011	15	2011W15	5	not_real_data_test_only	singleton_301	singleton_221	singleton_134
sample_0471	A	A8	clinical	2011-02-04	2011	5	2011W05	426	not_real_data_test_only	cluster_55	cluster_43	cluster_33
sample_0472	C	B5	clinical	2011-02-04	2011	5	2011W05	426	not_real_data_test_only	cluster_55	cluster_43	cluster_33
sample_0473	B	B6	clinical	2011-03-23	2011	12	2011W12	1	not_real_data_test_only	cluster_103	cluster_95	cluster_108
sample_0474	C	B6	clinical	2011-03-16	2011	11	2011W11	378	not_real_data_test_only	singleton_243	singleton_163	singleton_77
sample_0475	A	A9	clinical	2011-09-03	2011	35	2011W35	388	not_real_data_test_only	singleton_153	singleton_75	cluster_103
sample_0476	B	B7	clinical	2011-08-03	2011	31	2011W31	1	not_real_data_test_only	singleton_67	cluster_81	cluster_90
sample_0477	C	B7	clinical	2011-07-03	2011	26	2011W26	2	not_real_data_test_only	singleton_44	cluster_98	cluster_85
sample_0478	A		clinical	2011-05-03	2011	18	2011W18	388	not_real_data_test_only	cluster_82	cluster_65	cluster_50
sample_0479	B		clinical	2011-04-03	2011	13	2011W13	4	not_real_data_test_only	cluster_100	cluster_84	cluster_63
sample_0480	C		clinical	2011-04-03	2011	13	2011W13	3	not_real_data_test_only	singleton_226	singleton_146	singleton_60
sample_0481	A	A1	clinical	2011-02-28	2011	9	2011W09	1	not_real_data_test_only	singleton_77	singleton_3	cluster_108
sample_0482	B	B1	environmental	2011-02-25	2011	8	2011W08	8	not_real_data_test_only	singleton_42	cluster_96	cluster_107
sample_0483	C	B1	clinical	2011-02-24	2011	8	2011W08	6	not_real_data_test_only	singleton_230	singleton_150	singleton_64
sample_0484	A	A2	clinical	2011-02-18	2011	7	2011W07	87	not_real_data_test_only	singleton_59	cluster_106	cluster_87
sample_0485	B	B2	clinical	2011-02-13	2011	6	2011W06	388	not_real_data_test_only	cluster_82	cluster_65	cluster_50
sample_0486	C	B2	clinical	2011-07-02	2011	26	2011W26	2	not_real_data_test_only	singleton_350	singleton_270	singleton_183
sample_0487	A	A3	clinical	2011-01-26	2011	4	2011W04	1	not_real_data_test_only	cluster_58	cluster_82	cluster_61
sample_0488	B	B3	clinical	2011-01-26	2011	4	2011W04	1	not_real_data_test_only	cluster_58	cluster_82	cluster_61
sample_0489	C	B3	clinical	2011-01-21	2011	3	2011W03	2	not_real_data_test_only	singleton_202	singleton_122	singleton_36
sample_0490	A	A4	clinical	2011-01-13	2011	2	2011W02	388	not_real_data_test_only	cluster_82	cluster_65	cluster_50
sample_0491	B	B4	clinical	2011-10-01	2011	39	2011W39	219	not_real_data_test_only	singleton_402	singleton_322	singleton_235
sample_0492	A	A5	clinical	2011-01-01	2010	52	2010W52	87	not_real_data_test_only	singleton_174	singleton_94	singleton_12
sample_0493	C	B4	clinical	2011-01-01	2010	52	2010W52	1	not_real_data_test_only	singleton_95	singleton_19	cluster_79
sample_0494	B	B5	clinical	2010-12-20	2010	51	2010W51	1	not_real_data_test_only	singleton_196	singleton_116	singleton_32
sample_0495	C	B5	clinical	2010-11-29	2010	48	2010W48	382	not_real_data_test_only	singleton_303	singleton_223	singleton_136
sample_0496	A	A6	clinical	2010-11-27	2010	47	2010W47	2	not_real_data_test_only	cluster_42	cluster_33	cluster_25
sample_0497	B	B6	clinical	2010-11-21	2010	46	2010W46	388	not_real_data_test_only	cluster_82	cluster_65	cluster_50
sample_0498	C	B6	clinical	2010-11-20	2010	46	2010W46	388	not_real_data_test_only	cluster_82	cluster_65	cluster_50
sample_0499	A	A7	clinical	2010-11-15	2010	46	2010W46	1	not_real_data_test_only	cluster_97	cluster_79	cluster_90
sample_0500	B	B7	clinical	2010-05-11	2010	19	2010W19	1	not_real_data_test_only	cluster_40	cluster_81	cluster_90
sample_0501	C	B7	clinical	2010-10-28	2010	43	2010W43	388	not_real_data_test_only	cluster_82	cluster_65	cluster_50
sample_0502	A	A8	clinical	2010-02-10	2010	6	2010W06	5	not_real_data_test_only	singleton_348	singleton_268	singleton_181
sample_0503	B		clinical	2010-09-24	2010	38	2010W38	388	not_real_data_test_only	cluster_82	cluster_65	cluster_50
sample_0504	C		clinical	2010-09-23	2010	38	2010W38	388	not_real_data_test_only	cluster_82	cluster_65	cluster_50
sample_0505	A	A9	clinical	2010-08-09	2010	32	2010W32	1	not_real_data_test_only	singleton_78	singleton_4	cluster_108
sample_0506	B	B1	clinical	2010-08-09	2010	32	2010W32	7	not_real_data_test_only	singleton_190	singleton_110	singleton_26
sample_0507	C	B1	food	2010-03-09	2010	10	2010W10	1	not_real_data_test_only	cluster_7	cluster_4	cluster_4
sample_0508	A		clinical	2010-08-15	2010	32	2010W32	2	not_real_data_test_only	cluster_42	cluster_33	cluster_25
sample_0509	B	B2	clinical	2010-08-13	2010	32	2010W32	388	not_real_data_test_only	singleton_361	singleton_281	singleton_194
sample_0510	A	A1	clinical	2010-07-29	2010	30	2010W30	1	not_real_data_test_only	cluster_7	cluster_4	cluster_4
sample_0511	C	B2	clinical	2010-07-29	2010	30	2010W30	8	not_real_data_test_only	singleton_106	singleton_30	cluster_83
sample_0512	B	B3	clinical	2010-09-07	2010	36	2010W36	388	not_real_data_test_only	cluster_82	cluster_65	cluster_50
sample_0513	C	B3	clinical	2010-06-07	2010	23	2010W23	1	not_real_data_test_only	singleton_88	singleton_12	cluster_102
sample_0514	A	A2	clinical	2010-06-25	2010	25	2010W25	736	not_real_data_test_only	singleton_137	singleton_59	cluster_92
sample_0515	B	B4	clinical	2010-06-23	2010	25	2010W25	1	not_real_data_test_only	cluster_7	cluster_4	cluster_4
sample_0516	C	B4	clinical	2010-06-18	2010	24	2010W24	1	not_real_data_test_only	cluster_40	cluster_81	cluster_90
sample_0517	A	A3	clinical	2010-12-06	2010	49	2010W49	2	not_real_data_test_only	cluster_90	cluster_73	cluster_57
sample_0518	B	B5	clinical	2010-11-06	2010	44	2010W44	388	not_real_data_test_only	cluster_82	cluster_65	cluster_50
sample_0519	C	B5	clinical	2010-09-06	2010	36	2010W36	388	not_real_data_test_only	cluster_82	cluster_65	cluster_50
sample_0520	A	A4	clinical	2010-06-06	2010	22	2010W22	388	not_real_data_test_only	cluster_82	cluster_65	cluster_50
sample_0521	B	B6	clinical	2010-05-31	2010	22	2010W22	388	not_real_data_test_only	singleton_178	singleton_98	singleton_15
sample_0522	C	B6	clinical	2010-05-30	2010	21	2010W21	2	not_real_data_test_only	singleton_13	cluster_85	cluster_64
sample_0523	A	A5	clinical	2010-05-19	2010	20	2010W20	388	not_real_data_test_only	cluster_82	cluster_65	cluster_50
sample_0524	B	B7	clinical	2010-05-17	2010	20	2010W20	6	not_real_data_test_only	singleton_126	singleton_48	cluster_109
sample_0525	C	B7	clinical	2010-06-05	2010	22	2010W22	388	not_real_data_test_only	cluster_82	cluster_65	cluster_50
sample_0526	A	A6	clinical	2010-04-05	2010	14	2010W14	388	not_real_data_test_only	cluster_82	cluster_65	cluster_50
sample_0527	B		clinical	2010-04-27	2010	17	2010W17	388	not_real_data_test_only	cluster_82	cluster_65	cluster_50
sample_0528	C		clinical	2010-04-15	2010	15	2010W15	388	not_real_data_test_only	cluster_82	cluster_65	cluster_50
sample_0529	A	A7	clinical	2010-07-04	2010	26	2010W26	388	not_real_data_test_only	cluster_82	cluster_65	cluster_50
sample_0530	B	B1	clinical	2010-01-04	2010	1	2010W01	388	not_real_data_test_only	cluster_82	cluster_65	cluster_50
sample_0531	C	B1	clinical	2010-02-22	2010	8	2010W08	87	not_real_data_test_only	cluster_3	cluster_106	cluster_87
sample_0532	A	A8	clinical	2010-02-16	2010	7	2010W07	388	not_real_data_test_only	cluster_82	cluster_65	cluster_50
sample_0533	B	B2	clinical	2010-03-02	2010	9	2010W09	217	not_real_data_test_only	cluster_122	cluster_127	cluster_116
sample_0534	A	A9	clinical	2010-01-02	2009	53	2009W53	388	not_real_data_test_only	cluster_82	cluster_65	cluster_50
sample_0535	C	B2	clinical	2010-01-02	2009	53	2009W53	388	not_real_data_test_only	cluster_82	cluster_65	cluster_50
sample_0536	B	B3	clinical	2010-01-30	2010	4	2010W04	1	not_real_data_test_only	singleton_195	singleton_115	singleton_31
sample_0537	C	B3	clinical	2010-01-28	2010	4	2010W04	217	not_real_data_test_only	cluster_122	cluster_127	cluster_116
sample_0538	A		clinical	2010-01-27	2010	4	2010W04	87	not_real_data_test_only	cluster_108	cluster_110	cluster_87
sample_0539	B	B4	clinical	2010-01-27	2010	4	2010W04	87	not_real_data_test_only	cluster_108	cluster_110	cluster_87
sample_0540	C	B4	clinical	2010-01-25	2010	4	2010W04	3	not_real_data_test_only	singleton_231	singleton_151	singleton_65
sample_0541	A	A1	clinical	2010-01-18	2010	3	2010W03	388	not_real_data_test_only	cluster_82	cluster_65	cluster_50
sample_0542	B	B5	clinical	2010-01-17	2010	2	2010W02	388	not_real_data_test_only	cluster_82	cluster_65	cluster_50
sample_0543	C	B5	clinical	2010-12-01	2010	48	2010W48	388	not_real_data_test_only	cluster_82	cluster_65	cluster_50
sample_0544	A	A2	clinical	2010-11-01	2010	44	2010W44	388	not_real_data_test_only	cluster_82	cluster_65	cluster_50
sample_0545	B	B6	clinical	2010-04-01	2010	13	2010W13	388	not_real_data_test_only	cluster_82	cluster_65	cluster_50
sample_0546	C	B6	clinical	2010-03-01	2010	9	2010W09	1	not_real_data_test_only	singleton_332	singleton_252	singleton_165
sample_0547	A	A3	clinical	2010-01-01	2009	53	2009W53	1	not_real_data_test_only	singleton_385	singleton_305	singleton_218
sample_0548	A	A4	clinical	2009-12-13	2009	50	2009W50	1	not_real_data_test_only	cluster_7	cluster_4	cluster_4
sample_0549	B	B7	clinical	2009-12-13	2009	50	2009W50	101	not_real_data_test_only	cluster_123	cluster_128	cluster_117
sample_0550	C	B7	clinical	2009-12-13	2009	50	2009W50	1	not_real_data_test_only	cluster_7	cluster_4	cluster_4
sample_0551	B		clinical	2009-01-07	2009	2	2009W02	1	not_real_data_test_only	singleton_288	singleton_208	singleton_121
sample_0552	C		clinical	2009-06-29	2009	27	2009W27	736	not_real_data_test_only	singleton_302	singleton_222	singleton_135
sample_0553	A	A5	clinical	2009-05-26	2009	22	2009W22	3	not_real_data_test_only	singleton_214	singleton_134	singleton_48
sample_0554	B	B1	clinical	2009-05-18	2009	21	2009W21	217	not_real_data_test_only	singleton_212	singleton_132	singleton_46
sample_0555	C	B1	clinical	2009-09-04	2009	36	2009W36	7	not_real_data_test_only	singleton_81	singleton_5	cluster_60
sample_0556	A	A6	clinical	2009-03-22	2009	12	2009W12	1	not_real_data_test_only	cluster_40	cluster_81	cluster_90
sample_0557	B	B2	clinical	2009-02-25	2009	9	2009W09	87	not_real_data_test_only	singleton_176	singleton_96	singleton_14
sample_0558	A	A7	clinical	2009-09-02	2009	36	2009W36	3	not_real_data_test_only	cluster_70	cluster_57	cluster_44
sample_0559	C	B2	clinical	2009-09-02	2009	36	2009W36	3	not_real_data_test_only	cluster_70	cluster_57	cluster_44
sample_0560	B	B3	clinical	2009-01-22	2009	4	2009W04	4	not_real_data_test_only	singleton_406	singleton_326	singleton_239
sample_0561	C	B3	clinical	2009-01-13	2009	3	2009W03	4	not_real_data_test_only	singleton_274	singleton_194	singleton_107
sample_0562	A	A8	clinical	2009-06-01	2009	23	2009W23	1	not_real_data_test_only	singleton_424	singleton_344	singleton_257
sample_0563	B	B4	clinical	2008-11-15	2008	46	2008W46	87	not_real_data_test_only	singleton_135	singleton_57	cluster_87
sample_0564	C	B4	food	2008-03-09	2008	10	2008W10	87	not_real_data_test_only	singleton_4	cluster_106	cluster_87
sample_0565	A	A9	food	2007-04-17	2007	16	2007W16	6	not_real_data_test_only	singleton_380	singleton_300	singleton_213
sample_0566	B	B5	food	2007-02-21	2007	8	2007W08	1	not_real_data_test_only	singleton_219	singleton_139	singleton_53
sample_0567	C	B5	food	2007-02-16	2007	7	2007W07	87	not_real_data_test_only	cluster_3	cluster_106	cluster_87
sample_0568	A		food	2006-07-11	2006	28	2006W28	87	not_real_data_test_only	cluster_78	cluster_106	cluster_87
sample_0569	B	B6	food	2006-07-11	2006	28	2006W28	87	not_real_data_test_only	cluster_78	cluster_106	cluster_87
sample_0570	C	B6	food	2005-12-07	2005	49	2005W49	87	not_real_data_test_only	cluster_3	cluster_106	cluster_87
sample_0571	A	A1	food	2005-08-06	2005	31	2005W31	87	not_real_data_test_only	cluster_3	cluster_106	cluster_87
sample_0572	B	B7	food	2005-02-28	2005	9	2005W09	87	not_real_data_test_only	cluster_78	cluster_106	cluster_87
sample_0573	C	B7	food	2005-02-16	2005	7	2005W07	87	not_real_data_test_only	cluster_3	cluster_106	cluster_87
sample_0574	A	A2	food	2004-04-11	2004	15	2004W15	87	not_real_data_test_only	singleton_131	singleton_53	cluster_87
sample_0575	B		food	2004-05-27	2004	22	2004W22	87	not_real_data_test_only	singleton_65	cluster_106	cluster_87
sample_0576	C		food	2004-04-13	2004	16	2004W16	8	not_real_data_test_only	singleton_141	singleton_63	cluster_107
sample_0577	A	A3	food	2004-06-04	2004	23	2004W23	na	not_real_data_test_only	singleton_414	singleton_334	singleton_247
sample_0578	B	B1	food	2004-03-30	2004	14	2004W14	87	not_real_data_test_only	cluster_3	cluster_106	cluster_87
sample_0579	A	A4	clinical	2021-01-01	2020	53	2020W53	217	not_real_data_test_only	cluster_47	cluster_38	cluster_30
sample_0580	C	B1	clinical	2021-01-01	2020	53	2020W53	1	not_real_data_test_only	singleton_130	singleton_52	cluster_89
sample_0581	B	B2	clinical	2020-01-01	2020	1	2020W01	217	not_real_data_test_only	singleton_146	singleton_68	cluster_96
sample_0582	A	A5	food	2019-01-01	2019	1	2019W01	155	not_real_data_test_only	cluster_27	cluster_22	cluster_18
sample_0583	A	A6	food	2019-01-01	2019	1	2019W01	1	not_real_data_test_only	cluster_59	cluster_46	cluster_90
sample_0584	A	A7	food	2019-01-01	2019	1	2019W01	1	not_real_data_test_only	cluster_59	cluster_46	cluster_90
sample_0585	A	A8	food	2019-01-01	2019	1	2019W01	2	not_real_data_test_only	cluster_77	cluster_63	cluster_48
sample_0586	A	A9	food	2019-01-01	2019	1	2019W01	1	not_real_data_test_only	cluster_59	cluster_46	cluster_90
sample_0587	A		food	2019-01-01	2019	1	2019W01	1	not_real_data_test_only	singleton_49	cluster_46	cluster_90
sample_0588	B	B3	food	2019-01-01	2019	1	2019W01	155	not_real_data_test_only	cluster_27	cluster_22	cluster_18
sample_0589	B	B4	food	2019-01-01	2019	1	2019W01	1	not_real_data_test_only	cluster_59	cluster_46	cluster_90
sample_0590	B	B5	food	2019-01-01	2019	1	2019W01	1	not_real_data_test_only	cluster_59	cluster_46	cluster_90
sample_0591	B	B6	food	2019-01-01	2019	1	2019W01	2	not_real_data_test_only	singleton_408	singleton_328	singleton_241
sample_0592	B	B7	food	2019-01-01	2019	1	2019W01	1	not_real_data_test_only	cluster_59	cluster_46	cluster_90
sample_0593	B		food	2019-01-01	2019	1	2019W01	9	not_real_data_test_only	singleton_150	singleton_72	cluster_31
sample_0594	C	B2	clinical	2019-01-01	2019	1	2019W01	8	not_real_data_test_only	cluster_88	cluster_71	cluster_107
sample_0595	C	B3	food	2019-01-01	2019	1	2019W01	155	not_real_data_test_only	cluster_27	cluster_22	cluster_18
sample_0596	C	B4	food	2019-01-01	2019	1	2019W01	1	not_real_data_test_only	cluster_59	cluster_46	cluster_90
sample_0597	C	B5	food	2019-01-01	2019	1	2019W01	2	not_real_data_test_only	cluster_77	cluster_63	cluster_48
sample_0598	C	B6	food	2019-01-01	2019	1	2019W01	1	not_real_data_test_only	singleton_237	singleton_157	singleton_71
sample_0599	C	B7	food	2019-01-01	2019	1	2019W01	155	not_real_data_test_only	cluster_27	cluster_22	cluster_18
sample_0600	A	A1	food	2018-01-01	2018	1	2018W01	155	not_real_data_test_only	singleton_140	singleton_62	cluster_99
sample_0601	A	A2	food	2018-01-01	2018	1	2018W01	na	not_real_data_test_only	cluster_29	cluster_24	cluster_20
sample_0602	B	B1	food	2018-01-01	2018	1	2018W01	2	not_real_data_test_only	singleton_84	singleton_8	cluster_48
sample_0603	B	B2	food	2018-01-01	2018	1	2018W01	9	not_real_data_test_only	singleton_164	singleton_84	singleton_3
sample_0604	C		food	2018-01-01	2018	1	2018W01	87	not_real_data_test_only	singleton_29	cluster_106	cluster_87
sample_0605	C	B1	food	2018-01-01	2018	1	2018W01	1	not_real_data_test_only	cluster_57	cluster_45	cluster_90
sample_0606	A	A3	clinical	2017-01-01	2016	52	2016W52	1	not_real_data_test_only	singleton_35	cluster_91	cluster_102
sample_0607	A	A4	clinical	2017-01-01	2016	52	2016W52	1	not_real_data_test_only	singleton_107	singleton_31	cluster_78
sample_0608	A	A5	food	2017-01-01	2016	52	2016W52	87	not_real_data_test_only	cluster_75	cluster_61	cluster_87
sample_0609	A	A6	food	2017-01-01	2016	52	2016W52	4	not_real_data_test_only	singleton_270	singleton_190	singleton_103
sample_0610	A	A7	food	2017-01-01	2016	52	2016W52	736	not_real_data_test_only	singleton_136	singleton_58	cluster_92
sample_0611	A	A8	food	2017-01-01	2016	52	2016W52	121	not_real_data_test_only	cluster_52	cluster_80	cluster_93
sample_0612	B	B3	clinical	2017-01-01	2016	52	2016W52	382	not_real_data_test_only	cluster_116	cluster_121	cluster_106
sample_0613	B	B4	clinical	2017-01-01	2016	52	2016W52	1	not_real_data_test_only	cluster_1	cluster_93	cluster_68
sample_0614	B	B5	food	2017-01-01	2016	52	2016W52	403	not_real_data_test_only	cluster_60	cluster_47	cluster_35
sample_0615	B	B6	food	2017-01-01	2016	52	2016W52	121	not_real_data_test_only	cluster_52	cluster_80	cluster_93
sample_0616	B	B7	food	2017-01-01	2016	52	2016W52	155	not_real_data_test_only	singleton_163	singleton_83	singleton_2
sample_0617	B		food	2017-01-01	2016	52	2016W52	1	not_real_data_test_only	singleton_354	singleton_274	singleton_187
sample_0618	C	B2	clinical	2017-01-01	2016	52	2016W52	87	not_real_data_test_only	cluster_79	cluster_106	cluster_87
sample_0619	C	B3	clinical	2017-01-01	2016	52	2016W52	87	not_real_data_test_only	cluster_3	cluster_106	cluster_87
sample_0620	C	B4	environmental	2017-01-01	2016	52	2016W52	na	not_real_data_test_only	cluster_69	cluster_56	cluster_43
sample_0621	C	B5	food	2017-01-01	2016	52	2016W52	363	not_real_data_test_only	singleton_435	singleton_355	singleton_268
sample_0622	C	B6	food	2017-01-01	2016	52	2016W52	2	not_real_data_test_only	singleton_364	singleton_284	singleton_197
sample_0623	C	B7	food	2017-01-01	2016	52	2016W52	1	not_real_data_test_only	singleton_64	cluster_92	cluster_102
sample_0624	A	A9	clinical	2016-01-01	2015	53	2015W53	1	not_real_data_test_only	cluster_107	cluster_108	cluster_90
sample_0625	A		clinical	2016-01-01	2015	53	2015W53	1	not_real_data_test_only	cluster_80	cluster_64	cluster_49
sample_0626	A	A1	clinical	2016-01-01	2015	53	2015W53	26	not_real_data_test_only	singleton_410	singleton_330	singleton_243
sample_0627	A	A2	food	2016-01-01	2015	53	2015W53	121	not_real_data_test_only	singleton_134	singleton_56	cluster_54
sample_0628	A	A3	food	2016-01-01	2015	53	2015W53	1	not_real_data_test_only	singleton_253	singleton_173	cluster_61
sample_0629	A	A4	food	2016-01-01	2015	53	2015W53	7	not_real_data_test_only	cluster_2	cluster_1	cluster_1
sample_0630	A	A5	food	2016-01-01	2015	53	2015W53	7	not_real_data_test_only	cluster_20	cluster_16	cluster_12
sample_0631	A	A6	food	2016-01-01	2015	53	2015W53	121	not_real_data_test_only	cluster_25	cluster_21	cluster_17
sample_0632	A	A7	food	2016-01-01	2015	53	2015W53	9	not_real_data_test_only	singleton_99	singleton_23	cluster_81
sample_0633	B	B1	clinical	2016-01-01	2015	53	2015W53	388	not_real_data_test_only	singleton_259	singleton_179	singleton_92
sample_0634	B	B2	clinical	2016-01-01	2015	53	2015W53	1	not_real_data_test_only	singleton_61	cluster_81	cluster_90
sample_0635	B	B3	food	2016-01-01	2015	53	2015W53	7	not_real_data_test_only	cluster_20	cluster_16	cluster_12
sample_0636	B	B4	food	2016-01-01	2015	53	2015W53	2	not_real_data_test_only	singleton_375	singleton_295	singleton_208
sample_0637	B	B5	food	2016-01-01	2015	53	2015W53	7	not_real_data_test_only	cluster_2	cluster_1	cluster_1
sample_0638	B	B6	food	2016-01-01	2015	53	2015W53	7	not_real_data_test_only	singleton_14	cluster_1	cluster_1
sample_0639	B	B7	food	2016-01-01	2015	53	2015W53	7	not_real_data_test_only	singleton_1	cluster_1	cluster_1
sample_0640	B		food	2016-01-01	2015	53	2015W53	na	not_real_data_test_only	singleton_223	singleton_143	singleton_57
sample_0641	C		clinical	2016-01-01	2015	53	2015W53	1	not_real_data_test_only	cluster_80	cluster_64	cluster_49
sample_0642	C	B1	clinical	2016-01-01	2015	53	2015W53	1	not_real_data_test_only	cluster_107	cluster_108	cluster_90
sample_0643	C	B2	clinical	2016-01-01	2015	53	2015W53	87	not_real_data_test_only	singleton_7	cluster_54	cluster_87
sample_0644	C	B3	food	2016-01-01	2015	53	2015W53	7	not_real_data_test_only	cluster_2	cluster_1	cluster_1
sample_0645	C	B4	food	2016-01-01	2015	53	2015W53	121	not_real_data_test_only	cluster_53	cluster_88	cluster_93
sample_0646	C	B5	food	2016-01-01	2015	53	2015W53	1	not_real_data_test_only	cluster_7	cluster_4	cluster_4
sample_0647	C	B6	food	2016-01-01	2015	53	2015W53	7	not_real_data_test_only	cluster_2	cluster_1	cluster_1
sample_0648	C	B7	food	2016-01-01	2015	53	2015W53	121	not_real_data_test_only	cluster_25	cluster_21	cluster_17
sample_0649	C		food	2016-01-01	2015	53	2015W53	121	not_real_data_test_only	cluster_53	cluster_88	cluster_93
sample_0650	A	A8	food	2015-01-01	2015	1	2015W01	5	not_real_data_test_only	singleton_300	singleton_220	singleton_133
sample_0651	A	A9	food	2015-01-01	2015	1	2015W01	7	not_real_data_test_only	cluster_2	cluster_1	cluster_1
sample_0652	A		food	2015-01-01	2015	1	2015W01	7	not_real_data_test_only	cluster_2	cluster_1	cluster_1
sample_0653	A	A1	food	2015-01-01	2015	1	2015W01	7	not_real_data_test_only	singleton_429	singleton_349	singleton_262
sample_0654	A	A2	food	2015-01-01	2015	1	2015W01	1	not_real_data_test_only	cluster_36	cluster_30	cluster_108
sample_0655	A	A3	food	2015-01-01	2015	1	2015W01	1	not_real_data_test_only	cluster_35	cluster_29	cluster_90
sample_0656	A	A4	food	2015-01-01	2015	1	2015W01	2	not_real_data_test_only	cluster_92	cluster_75	cluster_85
sample_0657	A	A5	food	2015-01-01	2015	1	2015W01	59	not_real_data_test_only	singleton_313	singleton_233	singleton_146
sample_0658	A	A6	food	2015-01-01	2015	1	2015W01	7	not_real_data_test_only	cluster_2	cluster_1	cluster_1
sample_0659	A	A7	food	2015-01-01	2015	1	2015W01	7	not_real_data_test_only	cluster_2	cluster_1	cluster_1
sample_0660	A	A8	food	2015-01-01	2015	1	2015W01	3	not_real_data_test_only	singleton_172	singleton_92	singleton_10
sample_0661	A	A9	food	2015-01-01	2015	1	2015W01	na	not_real_data_test_only	singleton_392	singleton_312	singleton_225
sample_0662	A		food	2015-01-01	2015	1	2015W01	87	not_real_data_test_only	cluster_72	cluster_59	cluster_46
sample_0663	B	B1	food	2015-01-01	2015	1	2015W01	87	not_real_data_test_only	cluster_72	cluster_59	cluster_46
sample_0664	B	B2	food	2015-01-01	2015	1	2015W01	8	not_real_data_test_only	cluster_88	cluster_71	cluster_107
sample_0665	B	B3	food	2015-01-01	2015	1	2015W01	7	not_real_data_test_only	cluster_20	cluster_16	cluster_12
sample_0666	B	B4	food	2015-01-01	2015	1	2015W01	7	not_real_data_test_only	cluster_20	cluster_16	cluster_12
sample_0667	B	B5	food	2015-01-01	2015	1	2015W01	7	not_real_data_test_only	cluster_2	cluster_1	cluster_1
sample_0668	B	B6	food	2015-01-01	2015	1	2015W01	3	not_real_data_test_only	singleton_311	singleton_231	singleton_144
sample_0669	B	B7	food	2015-01-01	2015	1	2015W01	2	not_real_data_test_only	cluster_92	cluster_75	cluster_85
sample_0670	B		food	2015-01-01	2015	1	2015W01	16	not_real_data_test_only	singleton_260	singleton_180	singleton_93
sample_0671	B	B1	food	2015-01-01	2015	1	2015W01	9	not_real_data_test_only	cluster_50	cluster_41	cluster_31
sample_0672	B	B2	food	2015-01-01	2015	1	2015W01	3	not_real_data_test_only	singleton_225	singleton_145	singleton_59
sample_0673	B	B3	food	2015-01-01	2015	1	2015W01	2	not_real_data_test_only	cluster_106	cluster_107	cluster_97
sample_0674	B	B4	food	2015-01-01	2015	1	2015W01	8	not_real_data_test_only	singleton_41	cluster_96	cluster_107
sample_0675	B	B5	food	2015-01-01	2015	1	2015W01	na	not_real_data_test_only	cluster_17	cluster_13	cluster_9
sample_0676	C	B1	food	2015-01-01	2015	1	2015W01	1	not_real_data_test_only	singleton_171	singleton_91	singleton_9
sample_0677	C	B2	food	2015-01-01	2015	1	2015W01	7	not_real_data_test_only	singleton_22	cluster_16	cluster_12
sample_0678	C	B3	food	2015-01-01	2015	1	2015W01	6	not_real_data_test_only	singleton_315	singleton_235	singleton_148
sample_0679	C	B4	food	2015-01-01	2015	1	2015W01	7	not_real_data_test_only	cluster_2	cluster_1	cluster_1
sample_0680	C	B5	food	2015-01-01	2015	1	2015W01	7	not_real_data_test_only	cluster_20	cluster_16	cluster_12
sample_0681	C	B6	food	2015-01-01	2015	1	2015W01	2	not_real_data_test_only	singleton_191	singleton_111	singleton_27
sample_0682	C	B7	food	2015-01-01	2015	1	2015W01	1	not_real_data_test_only	singleton_94	singleton_18	cluster_79
sample_0683	C		food	2015-01-01	2015	1	2015W01	3	not_real_data_test_only	singleton_409	singleton_329	singleton_242
sample_0684	C	B1	food	2015-01-01	2015	1	2015W01	2	not_real_data_test_only	cluster_92	cluster_75	cluster_85
sample_0685	C	B2	food	2015-01-01	2015	1	2015W01	7	not_real_data_test_only	singleton_116	singleton_40	cluster_12
sample_0686	C	B3	food	2015-01-01	2015	1	2015W01	na	not_real_data_test_only	singleton_82	singleton_6	cluster_76
sample_0687	C	B4	food	2015-01-01	2015	1	2015W01	na	not_real_data_test_only	cluster_17	cluster_13	cluster_9
sample_0688	C	B5	food	2015-01-01	2015	1	2015W01	87	not_real_data_test_only	cluster_72	cluster_59	cluster_46
sample_0689	A	A1	clinical	2014-01-01	2014	1	2014W01	1	not_real_data_test_only	cluster_68	cluster_55	cluster_42
sample_0690	A	A2	clinical	2014-01-01	2014	1	2014W01	na	not_real_data_test_only	cluster_81	cluster_82	cluster_61
sample_0691	A	A3	clinical	2014-01-01	2014	1	2014W01	1	not_real_data_test_only	cluster_32	cluster_27	cluster_108
sample_0692	A	A4	clinical	2014-01-01	2014	1	2014W01	382	not_real_data_test_only	singleton_351	singleton_271	singleton_184
sample_0693	A	A5	clinical	2014-01-01	2014	1	2014W01	6	not_real_data_test_only	singleton_339	singleton_259	singleton_172
sample_0694	A	A6	food	2014-01-01	2014	1	2014W01	121	not_real_data_test_only	cluster_115	cluster_119	cluster_104
sample_0695	A	A7	food	2014-01-01	2014	1	2014W01	121	not_real_data_test_only	singleton_3	cluster_88	cluster_93
sample_0696	A	A8	food	2014-01-01	2014	1	2014W01	7	not_real_data_test_only	singleton_18	cluster_70	cluster_55
sample_0697	A	A9	food	2014-01-01	2014	1	2014W01	1	not_real_data_test_only	cluster_8	cluster_5	cluster_108
sample_0698	A		food	2014-01-01	2014	1	2014W01	87	not_real_data_test_only	cluster_75	cluster_61	cluster_87
sample_0699	A	A1	food	2014-01-01	2014	1	2014W01	121	not_real_data_test_only	cluster_52	cluster_80	cluster_93
sample_0700	A	A2	food	2014-01-01	2014	1	2014W01	121	not_real_data_test_only	cluster_26	cluster_88	cluster_93
sample_0701	A	A3	food	2014-01-01	2014	1	2014W01	3	not_real_data_test_only	singleton_342	singleton_262	singleton_175
sample_0702	A	A4	food	2014-01-01	2014	1	2014W01	530	not_real_data_test_only	singleton_440	singleton_360	singleton_273
sample_0703	A	A5	food	2014-01-01	2014	1	2014W01	na	not_real_data_test_only	singleton_294	singleton_214	singleton_127
sample_0704	B	B6	clinical	2014-01-01	2014	1	2014W01	1	not_real_data_test_only	cluster_5	cluster_2	cluster_2
sample_0705	B	B7	clinical	2014-01-01	2014	1	2014W01	4	not_real_data_test_only	cluster_64	cluster_51	cluster_39
sample_0706	B		clinical	2014-01-01	2014	1	2014W01	388	not_real_data_test_only	singleton_154	singleton_76	cluster_103
sample_0707	B	B1	clinical	2014-01-01	2014	1	2014W01	7	not_real_data_test_only	singleton_416	singleton_336	singleton_249
sample_0708	B	B2	clinical	2014-01-01	2014	1	2014W01	1	not_real_data_test_only	cluster_68	cluster_55	cluster_42
sample_0709	B	B3	clinical	2014-01-01	2014	1	2014W01	1	not_real_data_test_only	singleton_363	singleton_283	singleton_196
sample_0710	B	B4	food	2014-01-01	2014	1	2014W01	9	not_real_data_test_only	singleton_47	cluster_100	cluster_70
sample_0711	B	B5	food	2014-01-01	2014	1	2014W01	1	not_real_data_test_only	cluster_8	cluster_5	cluster_108
sample_0712	B	B6	food	2014-01-01	2014	1	2014W01	388	not_real_data_test_only	cluster_82	cluster_65	cluster_50
sample_0713	B	B7	food	2014-01-01	2014	1	2014W01	1	not_real_data_test_only	cluster_73	cluster_60	cluster_47
sample_0714	B		food	2014-01-01	2014	1	2014W01	121	not_real_data_test_only	cluster_14	cluster_10	cluster_7
sample_0715	B	B1	food	2014-01-01	2014	1	2014W01	2	not_real_data_test_only	cluster_92	cluster_75	cluster_85
sample_0716	B	B2	food	2014-01-01	2014	1	2014W01	2	not_real_data_test_only	cluster_30	cluster_25	cluster_85
sample_0717	B	B3	food	2014-01-01	2014	1	2014W01	54	not_real_data_test_only	singleton_369	singleton_289	singleton_202
sample_0718	B	B4	food	2014-01-01	2014	1	2014W01	121	not_real_data_test_only	cluster_26	cluster_88	cluster_93
sample_0719	C	B6	clinical	2014-01-01	2014	1	2014W01	1	not_real_data_test_only	singleton_425	singleton_345	singleton_258
sample_0720	C	B7	clinical	2014-01-01	2014	1	2014W01	1	not_real_data_test_only	cluster_32	cluster_27	cluster_108
sample_0721	C		clinical	2014-01-01	2014	1	2014W01	1	not_real_data_test_only	cluster_54	cluster_42	cluster_32
sample_0722	C	B1	clinical	2014-01-01	2014	1	2014W01	77	not_real_data_test_only	singleton_329	singleton_249	singleton_162
sample_0723	C	B2	clinical	2014-01-01	2014	1	2014W01	1	not_real_data_test_only	cluster_68	cluster_55	cluster_42
sample_0724	C	B3	clinical	2014-01-01	2014	1	2014W01	219	not_real_data_test_only	singleton_281	singleton_201	singleton_114
sample_0725	C	B4	food	2014-01-01	2014	1	2014W01	121	not_real_data_test_only	cluster_53	cluster_88	cluster_93
sample_0726	C	B5	food	2014-01-01	2014	1	2014W01	217	not_real_data_test_only	singleton_192	singleton_112	singleton_28
sample_0727	C	B6	food	2014-01-01	2014	1	2014W01	9	not_real_data_test_only	cluster_84	cluster_67	cluster_52
sample_0728	C	B7	food	2014-01-01	2014	1	2014W01	121	not_real_data_test_only	singleton_24	cluster_88	cluster_93
sample_0729	C		food	2014-01-01	2014	1	2014W01	2	not_real_data_test_only	singleton_103	singleton_27	cluster_48
sample_0730	C	B1	food	2014-01-01	2014	1	2014W01	121	not_real_data_test_only	cluster_52	cluster_80	cluster_93
sample_0731	C	B2	food	2014-01-01	2014	1	2014W01	121	not_real_data_test_only	cluster_26	cluster_88	cluster_93
sample_0732	C	B3	food	2014-01-01	2014	1	2014W01	121	not_real_data_test_only	cluster_53	cluster_88	cluster_93
sample_0733	C	B4	food	2014-01-01	2014	1	2014W01	121	not_real_data_test_only	cluster_52	cluster_80	cluster_93
sample_0734	A	A6	food	2013-01-01	2013	1	2013W01	121	not_real_data_test_only	cluster_14	cluster_10	cluster_7
sample_0735	A	A7	food	2013-01-01	2013	1	2013W01	1	not_real_data_test_only	singleton_149	singleton_71	cluster_108
sample_0736	A	A8	food	2013-01-01	2013	1	2013W01	204	not_real_data_test_only	singleton_432	singleton_352	singleton_265
sample_0737	A	A9	food	2013-01-01	2013	1	2013W01	2	not_real_data_test_only	cluster_30	cluster_25	cluster_85
sample_0738	A		food	2013-01-01	2013	1	2013W01	1	not_real_data_test_only	cluster_8	cluster_5	cluster_108
sample_0739	A	A1	food	2013-01-01	2013	1	2013W01	1	not_real_data_test_only	cluster_36	cluster_30	cluster_108
sample_0740	A	A2	food	2013-01-01	2013	1	2013W01	1	not_real_data_test_only	cluster_62	cluster_49	cluster_37
sample_0741	A	A3	food	2013-01-01	2013	1	2013W01	3	not_real_data_test_only	singleton_341	singleton_261	singleton_174
sample_0742	A	A4	food	2013-01-01	2013	1	2013W01	na	not_real_data_test_only	singleton_165	singleton_85	singleton_4
sample_0743	A	A5	food	2013-01-01	2013	1	2013W01	121	not_real_data_test_only	cluster_51	cluster_80	cluster_93
sample_0744	B	B5	clinical	2013-01-01	2013	1	2013W01	1	not_real_data_test_only	cluster_5	cluster_2	cluster_2
sample_0745	B	B6	food	2013-01-01	2013	1	2013W01	121	not_real_data_test_only	cluster_52	cluster_80	cluster_93
sample_0746	B	B7	food	2013-01-01	2013	1	2013W01	2	not_real_data_test_only	cluster_29	cluster_24	cluster_20
sample_0747	B		food	2013-01-01	2013	1	2013W01	121	not_real_data_test_only	singleton_2	cluster_80	cluster_93
sample_0748	B	B1	food	2013-01-01	2013	1	2013W01	2	not_real_data_test_only	cluster_92	cluster_75	cluster_85
sample_0749	B	B2	food	2013-01-01	2013	1	2013W01	1	not_real_data_test_only	cluster_36	cluster_30	cluster_108
sample_0750	B	B3	food	2013-01-01	2013	1	2013W01	1	not_real_data_test_only	cluster_36	cluster_30	cluster_108
sample_0751	B	B4	food	2013-01-01	2013	1	2013W01	1	not_real_data_test_only	cluster_73	cluster_60	cluster_47
sample_0752	B	B5	food	2013-01-01	2013	1	2013W01	666	not_real_data_test_only	singleton_352	singleton_272	singleton_185
sample_0753	B	B6	food	2013-01-01	2013	1	2013W01	121	not_real_data_test_only	singleton_54	cluster_80	cluster_93
sample_0754	C	B5	clinical	2013-01-01	2013	1	2013W01	155	not_real_data_test_only	singleton_98	singleton_22	cluster_99
sample_0755	C	B6	food	2013-01-01	2013	1	2013W01	121	not_real_data_test_only	cluster_52	cluster_80	cluster_93
sample_0756	C	B7	food	2013-01-01	2013	1	2013W01	121	not_real_data_test_only	cluster_52	cluster_80	cluster_93
sample_0757	C		food	2013-01-01	2013	1	2013W01	2	not_real_data_test_only	cluster_29	cluster_24	cluster_20
sample_0758	C	B1	food	2013-01-01	2013	1	2013W01	1	not_real_data_test_only	cluster_36	cluster_30	cluster_108
sample_0759	C	B2	food	2013-01-01	2013	1	2013W01	1	not_real_data_test_only	cluster_8	cluster_5	cluster_108
sample_0760	C	B3	food	2013-01-01	2013	1	2013W01	121	not_real_data_test_only	cluster_53	cluster_88	cluster_93
sample_0761	C	B4	food	2013-01-01	2013	1	2013W01	7	not_real_data_test_only	cluster_87	cluster_70	cluster_55
sample_0762	C	B5	food	2013-01-01	2013	1	2013W01	1	not_real_data_test_only	singleton_206	singleton_126	singleton_40
sample_0763	C	B6	food	2013-01-01	2013	1	2013W01	121	not_real_data_test_only	cluster_53	cluster_88	cluster_93
sample_0764	A	A6	clinical	2012-01-01	2011	52	2011W52	1	not_real_data_test_only	cluster_94	cluster_76	cluster_59
sample_0765	A	A7	clinical	2012-01-01	2011	52	2011W52	1	not_real_data_test_only	cluster_12	cluster_8	cluster_5
sample_0766	A	A8	food	2012-01-01	2011	52	2011W52	403	not_real_data_test_only	singleton_381	singleton_301	singleton_214
sample_0767	A	A9	food	2012-01-01	2011	52	2011W52	378	not_real_data_test_only	cluster_105	cluster_99	cluster_101
sample_0768	A		food	2012-01-01	2011	52	2011W52	14	not_real_data_test_only	singleton_318	singleton_238	singleton_151
sample_0769	A	A1	food	2012-01-01	2011	52	2011W52	1	not_real_data_test_only	cluster_73	cluster_60	cluster_47
sample_0770	A	A2	food	2012-01-01	2011	52	2011W52	7	not_real_data_test_only	cluster_87	cluster_70	cluster_55
sample_0771	A	A3	food	2012-01-01	2011	52	2011W52	3	not_real_data_test_only	singleton_222	singleton_142	singleton_56
sample_0772	A	A4	food	2012-01-01	2011	52	2011W52	121	not_real_data_test_only	cluster_52	cluster_80	cluster_93
sample_0773	A	A5	food	2012-01-01	2011	52	2011W52	388	not_real_data_test_only	singleton_367	singleton_287	singleton_200
sample_0774	A	A6	food	2012-01-01	2011	52	2011W52	14	not_real_data_test_only	cluster_15	cluster_11	cluster_8
sample_0775	A	A7	food	2012-01-01	2011	52	2011W52	9	not_real_data_test_only	singleton_101	singleton_25	cluster_10
sample_0776	B	B7	clinical	2012-01-01	2011	52	2011W52	666	not_real_data_test_only	singleton_201	singleton_121	cluster_111
sample_0777	B		clinical	2012-01-01	2011	52	2011W52	1	not_real_data_test_only	cluster_12	cluster_8	cluster_5
sample_0778	B	B1	clinical	2012-01-01	2011	52	2011W52	388	not_real_data_test_only	singleton_273	singleton_193	singleton_106
sample_0779	B	B2	food	2012-01-01	2011	52	2011W52	1	not_real_data_test_only	singleton_10	cluster_4	cluster_4
sample_0780	B	B3	food	2012-01-01	2011	52	2011W52	14	not_real_data_test_only	singleton_338	singleton_258	singleton_171
sample_0781	B	B4	food	2012-01-01	2011	52	2011W52	2	not_real_data_test_only	singleton_344	singleton_264	singleton_177
sample_0782	B	B5	food	2012-01-01	2011	52	2011W52	1	not_real_data_test_only	cluster_62	cluster_49	cluster_37
sample_0783	B	B6	food	2012-01-01	2011	52	2011W52	1	not_real_data_test_only	singleton_60	cluster_30	cluster_108
sample_0784	B	B7	food	2012-01-01	2011	52	2011W52	121	not_real_data_test_only	cluster_13	cluster_9	cluster_6
sample_0785	B		food	2012-01-01	2011	52	2011W52	121	not_real_data_test_only	cluster_13	cluster_9	cluster_6
sample_0786	B	B1	food	2012-01-01	2011	52	2011W52	121	not_real_data_test_only	cluster_13	cluster_9	cluster_6
sample_0787	B	B2	food	2012-01-01	2011	52	2011W52	9	not_real_data_test_only	singleton_100	singleton_24	cluster_81
sample_0788	B	B3	food	2012-01-01	2011	52	2011W52	121	not_real_data_test_only	cluster_53	cluster_88	cluster_93
sample_0789	C	B7	clinical	2012-01-01	2011	52	2011W52	8	not_real_data_test_only	singleton_296	singleton_216	singleton_129
sample_0790	C		clinical	2012-01-01	2011	52	2011W52	1	not_real_data_test_only	cluster_12	cluster_8	cluster_5
sample_0791	C	B1	clinical	2012-01-01	2011	52	2011W52	1	not_real_data_test_only	singleton_286	singleton_206	singleton_119
sample_0792	C	B2	food	2012-01-01	2011	52	2011W52	121	not_real_data_test_only	cluster_14	cluster_10	cluster_7
sample_0793	C	B3	food	2012-01-01	2011	52	2011W52	14	not_real_data_test_only	singleton_284	singleton_204	singleton_117
sample_0794	C	B4	food	2012-01-01	2011	52	2011W52	7	not_real_data_test_only	singleton_96	singleton_20	cluster_55
sample_0795	C	B5	food	2012-01-01	2011	52	2011W52	1	not_real_data_test_only	singleton_93	singleton_17	cluster_4
sample_0796	C	B6	food	2012-01-01	2011	52	2011W52	1398	not_real_data_test_only	singleton_293	singleton_213	singleton_126
sample_0797	C	B7	food	2012-01-01	2011	52	2011W52	3	not_real_data_test_only	singleton_122	singleton_46	cluster_88
sample_0798	C		food	2012-01-01	2011	52	2011W52	121	not_real_data_test_only	cluster_52	cluster_80	cluster_93
sample_0799	C	B1	food	2012-01-01	2011	52	2011W52	2	not_real_data_test_only	cluster_29	cluster_24	cluster_20
sample_0800	C	B2	food	2012-01-01	2011	52	2011W52	2	not_real_data_test_only	singleton_143	singleton_65	cluster_36
sample_0801	C	B3	food	2012-01-01	2011	52	2011W52	121	not_real_data_test_only	singleton_240	singleton_160	singleton_74
sample_0802	A	A8	clinical	2011-01-01	2010	52	2010W52	1	not_real_data_test_only	singleton_399	singleton_319	singleton_232
sample_0803	A	A9	clinical	2011-01-01	2010	52	2010W52	8	not_real_data_test_only	singleton_133	singleton_55	cluster_91
sample_0804	A		food	2011-01-01	2010	52	2010W52	121	not_real_data_test_only	singleton_242	singleton_162	singleton_76
sample_0805	A	A1	food	2011-01-01	2010	52	2010W52	388	not_real_data_test_only	cluster_82	cluster_65	cluster_50
sample_0806	A	A2	food	2011-01-01	2010	52	2010W52	474	not_real_data_test_only	singleton_441	singleton_361	singleton_274
sample_0807	A	A3	food	2011-01-01	2010	52	2010W52	121	not_real_data_test_only	singleton_249	singleton_169	singleton_83
sample_0808	A	A4	food	2011-01-01	2010	52	2010W52	3	not_real_data_test_only	cluster_71	cluster_58	cluster_45
sample_0809	A	A5	food	2011-01-01	2010	52	2010W52	2	not_real_data_test_only	cluster_92	cluster_75	cluster_85
sample_0810	B	B4	clinical	2011-01-01	2010	52	2010W52	388	not_real_data_test_only	singleton_117	singleton_41	cluster_86
sample_0811	B	B5	clinical	2011-01-01	2010	52	2010W52	8	not_real_data_test_only	singleton_132	singleton_54	cluster_91
sample_0812	B	B6	food	2011-01-01	2010	52	2010W52	330	not_real_data_test_only	singleton_433	singleton_353	singleton_266
sample_0813	B	B7	food	2011-01-01	2010	52	2010W52	388	not_real_data_test_only	cluster_82	cluster_65	cluster_50
sample_0814	B		food	2011-01-01	2010	52	2010W52	388	not_real_data_test_only	cluster_82	cluster_65	cluster_50
sample_0815	B	B1	food	2011-01-01	2010	52	2010W52	9	not_real_data_test_only	cluster_84	cluster_67	cluster_52
sample_0816	B	B2	food	2011-01-01	2010	52	2010W52	121	not_real_data_test_only	cluster_52	cluster_80	cluster_93
sample_0817	B	B3	food	2011-01-01	2010	52	2010W52	155	not_real_data_test_only	singleton_139	singleton_61	cluster_99
sample_0818	C	B4	clinical	2011-01-01	2010	52	2010W52	2	not_real_data_test_only	singleton_43	cluster_98	cluster_85
sample_0819	C	B5	food	2011-01-01	2010	52	2010W52	1	not_real_data_test_only	singleton_185	singleton_105	singleton_22
sample_0820	C	B6	food	2011-01-01	2010	52	2010W52	388	not_real_data_test_only	cluster_82	cluster_65	cluster_50
sample_0821	C	B7	food	2011-01-01	2010	52	2010W52	9	not_real_data_test_only	singleton_291	singleton_211	singleton_124
sample_0822	C		food	2011-01-01	2010	52	2010W52	121	not_real_data_test_only	singleton_248	singleton_168	singleton_82
sample_0823	C	B1	food	2011-01-01	2010	52	2010W52	328	not_real_data_test_only	singleton_371	singleton_291	singleton_204
sample_0824	C	B2	food	2011-01-01	2010	52	2010W52	1	not_real_data_test_only	singleton_333	singleton_253	singleton_166
sample_0825	C	B3	food	2011-01-01	2010	52	2010W52	224	not_real_data_test_only	singleton_356	singleton_276	singleton_189
sample_0826	A	A6	clinical	2010-01-01	2009	53	2009W53	388	not_real_data_test_only	cluster_82	cluster_65	cluster_50
sample_0827	A	A7	food	2010-01-01	2009	53	2009W53	1	not_real_data_test_only	cluster_10	cluster_7	cluster_108
sample_0828	A	A8	food	2010-01-01	2009	53	2009W53	59	not_real_data_test_only	singleton_314	singleton_234	singleton_147
sample_0829	A	A9	food	2010-01-01	2009	53	2009W53	9	not_real_data_test_only	singleton_272	singleton_192	singleton_105
sample_0830	A		food	2010-01-01	2009	53	2009W53	3	not_real_data_test_only	singleton_210	singleton_130	singleton_44
sample_0831	A	A1	food	2010-01-01	2009	53	2009W53	9	not_real_data_test_only	singleton_386	singleton_306	singleton_219
sample_0832	A	A2	food	2010-01-01	2009	53	2009W53	736	not_real_data_test_only	singleton_138	singleton_60	cluster_92
sample_0833	B	B4	clinical	2010-01-01	2009	53	2009W53	2	not_real_data_test_only	cluster_106	cluster_107	cluster_97
sample_0834	B	B5	food	2010-01-01	2009	53	2009W53	2	not_real_data_test_only	singleton_419	singleton_339	singleton_252
sample_0835	B	B6	food	2010-01-01	2009	53	2009W53	1	not_real_data_test_only	cluster_10	cluster_7	cluster_108
sample_0836	B	B7	food	2010-01-01	2009	53	2009W53	2	not_real_data_test_only	singleton_12	cluster_85	cluster_64
sample_0837	B		food	2010-01-01	2009	53	2009W53	9	not_real_data_test_only	singleton_305	singleton_225	singleton_138
sample_0838	B	B1	food	2010-01-01	2009	53	2009W53	14	not_real_data_test_only	cluster_15	cluster_11	cluster_8
sample_0839	C	B4	clinical	2010-01-01	2009	53	2009W53	1	not_real_data_test_only	singleton_157	singleton_79	cluster_102
sample_0840	C	B5	food	2010-01-01	2009	53	2009W53	2	not_real_data_test_only	singleton_376	singleton_296	singleton_209
sample_0841	C	B6	food	2010-01-01	2009	53	2009W53	1	not_real_data_test_only	cluster_10	cluster_7	cluster_108
sample_0842	C	B7	food	2010-01-01	2009	53	2009W53	2	not_real_data_test_only	cluster_89	cluster_72	cluster_56
sample_0843	C		food	2010-01-01	2009	53	2009W53	9	not_real_data_test_only	cluster_50	cluster_41	cluster_31
sample_0844	C	B1	food	2010-01-01	2009	53	2009W53	3	not_real_data_test_only	cluster_71	cluster_58	cluster_45
sample_0845	A	A3	clinical	2009-01-01	2009	1	2009W01	388	not_real_data_test_only	cluster_82	cluster_65	cluster_50
sample_0846	A	A4	food	2009-01-01	2009	1	2009W01	3	not_real_data_test_only	singleton_121	singleton_45	cluster_88
sample_0847	A	A5	food	2009-01-01	2009	1	2009W01	3	not_real_data_test_only	singleton_86	singleton_10	cluster_77
sample_0848	A	A6	food	2009-01-01	2009	1	2009W01	3	not_real_data_test_only	singleton_173	singleton_93	singleton_11
sample_0849	A	A7	food	2009-01-01	2009	1	2009W01	2	not_real_data_test_only	cluster_89	cluster_72	cluster_56
sample_0850	A	A8	food	2009-01-01	2009	1	2009W01	54	not_real_data_test_only	singleton_370	singleton_290	singleton_203
sample_0851	A	A9	food	2009-01-01	2009	1	2009W01	121	not_real_data_test_only	cluster_52	cluster_80	cluster_93
sample_0852	B	B2	clinical	2009-01-01	2009	1	2009W01	388	not_real_data_test_only	cluster_82	cluster_65	cluster_50
sample_0853	B	B3	food	2009-01-01	2009	1	2009W01	532	not_real_data_test_only	singleton_442	singleton_362	singleton_275
sample_0854	B	B4	food	2009-01-01	2009	1	2009W01	121	not_real_data_test_only	singleton_236	singleton_156	singleton_70
sample_0855	B	B5	food	2009-01-01	2009	1	2009W01	121	not_real_data_test_only	singleton_203	singleton_123	singleton_37
sample_0856	B	B6	food	2009-01-01	2009	1	2009W01	121	not_real_data_test_only	singleton_85	singleton_9	cluster_93
sample_0857	B	B7	food	2009-01-01	2009	1	2009W01	121	not_real_data_test_only	singleton_235	singleton_155	singleton_69
sample_0858	B		food	2009-01-01	2009	1	2009W01	1	not_real_data_test_only	singleton_368	singleton_288	singleton_201
sample_0859	C	B2	clinical	2009-01-01	2009	1	2009W01	388	not_real_data_test_only	cluster_82	cluster_65	cluster_50
sample_0860	C	B3	food	2009-01-01	2009	1	2009W01	121	not_real_data_test_only	singleton_265	singleton_185	singleton_98
sample_0861	C	B4	food	2009-01-01	2009	1	2009W01	3	not_real_data_test_only	singleton_216	singleton_136	singleton_50
sample_0862	C	B5	food	2009-01-01	2009	1	2009W01	2	not_real_data_test_only	cluster_92	cluster_75	cluster_85
sample_0863	C	B6	food	2009-01-01	2009	1	2009W01	3	not_real_data_test_only	singleton_316	singleton_236	singleton_149
sample_0864	C	B7	food	2009-01-01	2009	1	2009W01	121	not_real_data_test_only	cluster_52	cluster_80	cluster_93
sample_0865	C		food	2009-01-01	2009	1	2009W01	1	not_real_data_test_only	singleton_324	singleton_244	singleton_157
