partition	cluster	cluster_length	samples	source	n_country	country	n_region	region	first_seq_date	last_seq_date	timespan_days	ST
MST-4x1.0	cluster_118	2	sample_0405,sample_0443	clinical (100.0%) (n = 2)	2	C (50.0%), B (50.0%) (n = 2)	2	B7 (50.0%), B4 (50.0%) (n = 2)	2012-09-02	2013-09-02	365	736 (100.0%) (n = 2)
MST-4x1.0	cluster_63	2	sample_0351,sample_0362	clinical (100.0%) (n = 2)	2	C (50.0%), B (50.0%) (n = 2)	2	B5 (50.0%), B1 (50.0%) (n = 2)	2014-02-25	2014-03-20	23	1 (100.0%) (n = 2)
MST-4x1.0	cluster_78	3	sample_0568,sample_0569,sample_0572	food (100.0%) (n = 3)	2	B (66.7%), A (33.3%) (n = 3)	3	B6 (33.3%), B7 (33.3%), EMPTY (33.3%) (n = 3)	2005-02-28	2006-07-11	498	87 (100.0%) (n = 3)
MST-4x1.0	cluster_26	3	sample_0700,sample_0718,sample_0731	food (100.0%) (n = 3)	3	C (33.3%), B (33.3%), A (33.3%) (n = 3)	3	B2 (33.3%), B4 (33.3%), A2 (33.3%) (n = 3)	2014-01-01	2014-01-01	0	121 (100.0%) (n = 3)
MST-4x1.0	cluster_93	3	sample_0444,sample_0445,sample_0462	clinical (100.0%) (n = 3)	2	C (66.7%), A (33.3%) (n = 3)	3	B2 (33.3%), B4 (33.3%), A9 (33.3%) (n = 3)	2011-06-24	2011-10-12	110	1 (100.0%) (n = 3)
MST-4x1.0	cluster_38	14	sample_0061,sample_0093,sample_0098,sample_0105,sample_0107,sample_0108,sample_0109,sample_0121,sample_0137,sample_0155,sample_0182,sample_0189,sample_0190,sample_0195	clinical (100.0%) (n = 14)	3	C (42.9%), B (28.6%), A (28.6%) (n = 14)	8	B4 (21.4%), A1 (14.3%), B7 (14.3%), B5 (14.3%), B1 (14.3%), A7 (7.1%), A4 (7.1%), B3 (7.1%) (n = 14)	2018-02-04	2020-07-22	899	1 (100.0%) (n = 14)
MST-4x1.0	cluster_51	2	sample_0257,sample_0743	clinical (50.0%), food (50.0%) (n = 2)	2	B (50.0%), A (50.0%) (n = 2)	2	B6 (50.0%), A5 (50.0%) (n = 2)	2013-01-01	2016-05-19	1234	121 (100.0%) (n = 2)
MST-4x1.0	cluster_23	2	sample_0118,sample_0119	clinical (100.0%) (n = 2)	2	B (50.0%), A (50.0%) (n = 2)	1	EMPTY (100.0%) (n = 2)	2019-06-21	2019-06-21	0	7 (100.0%) (n = 2)
MST-4x1.0	cluster_61	2	sample_0378,sample_0388	clinical (100.0%) (n = 2)	2	C (50.0%), A (50.0%) (n = 2)	2	B6 (50.0%), EMPTY (50.0%) (n = 2)	2013-04-22	2013-10-28	189	2 (100.0%) (n = 2)
MST-4x1.0	cluster_14	3	sample_0714,sample_0734,sample_0792	food (100.0%) (n = 3)	3	C (33.3%), B (33.3%), A (33.3%) (n = 3)	3	A6 (33.3%), B2 (33.3%), EMPTY (33.3%) (n = 3)	2012-01-01	2014-01-01	731	121 (100.0%) (n = 3)
MST-4x1.0	cluster_95	2	sample_0028,sample_0180	clinical (100.0%) (n = 2)	1	A (100.0%) (n = 2)	2	A1 (50.0%), EMPTY (50.0%) (n = 2)	2018-06-19	2021-05-05	1051	7 (100.0%) (n = 2)
MST-4x1.0	cluster_101	2	sample_0143,sample_0238	clinical (100.0%) (n = 2)	2	B (50.0%), A (50.0%) (n = 2)	1	EMPTY (100.0%) (n = 2)	2017-03-24	2019-02-20	698	6 (100.0%) (n = 2)
MST-4x1.0	cluster_53	7	sample_0645,sample_0649,sample_0725,sample_0732,sample_0760,sample_0763,sample_0788	food (100.0%) (n = 7)	2	C (85.7%), B (14.3%) (n = 7)	4	B3 (42.9%), B4 (28.6%), B6 (14.3%), EMPTY (14.3%) (n = 7)	2012-01-01	2016-01-01	1461	121 (100.0%) (n = 7)
MST-4x1.0	cluster_113	2	sample_0153,sample_0154	clinical (100.0%) (n = 2)	2	C (50.0%), A (50.0%) (n = 2)	2	B3 (50.0%), A2 (50.0%) (n = 2)	2018-12-29	2018-12-29	0	382 (100.0%) (n = 2)
MST-4x1.0	cluster_119	2	sample_0096,sample_0097	clinical (100.0%) (n = 2)	2	C (50.0%), A (50.0%) (n = 2)	2	A3 (50.0%), EMPTY (50.0%) (n = 2)	2019-10-11	2019-10-11	0	9 (100.0%) (n = 2)
MST-4x1.0	cluster_64	2	sample_0342,sample_0705	clinical (100.0%) (n = 2)	2	C (50.0%), B (50.0%) (n = 2)	2	B2 (50.0%), B7 (50.0%) (n = 2)	2014-01-01	2014-03-06	64	4 (100.0%) (n = 2)
MST-4x1.0	cluster_71	2	sample_0808,sample_0844	food (100.0%) (n = 2)	2	C (50.0%), A (50.0%) (n = 2)	2	A4 (50.0%), B1 (50.0%) (n = 2)	2010-01-01	2011-01-01	365	3 (100.0%) (n = 2)
MST-4x1.0	cluster_59	10	sample_0124,sample_0126,sample_0127,sample_0583,sample_0584,sample_0586,sample_0589,sample_0590,sample_0592,sample_0596	food (80.0%), clinical (20.0%) (n = 10)	3	A (50.0%), B (30.0%), C (20.0%) (n = 10)	9	B4 (20.0%), A7 (10.0%), B2 (10.0%), A6 (10.0%), A9 (10.0%), A3 (10.0%), B7 (10.0%), A2 (10.0%), B5 (10.0%) (n = 10)	2019-01-01	2019-05-21	140	1 (100.0%) (n = 10)
MST-4x1.0	cluster_10	3	sample_0827,sample_0835,sample_0841	food (100.0%) (n = 3)	3	C (33.3%), B (33.3%), A (33.3%) (n = 3)	2	B6 (66.7%), A7 (33.3%) (n = 3)	2010-01-01	2010-01-01	0	1 (100.0%) (n = 3)
MST-4x1.0	cluster_123	2	sample_0404,sample_0549	clinical (100.0%) (n = 2)	1	B (100.0%) (n = 2)	1	B7 (100.0%) (n = 2)	2009-12-13	2013-10-02	1389	101 (100.0%) (n = 2)
MST-4x1.0	cluster_18	2	sample_0403,sample_0431	food (100.0%) (n = 2)	2	C (50.0%), B (50.0%) (n = 2)	2	B6 (50.0%), EMPTY (50.0%) (n = 2)	2012-06-11	2013-02-28	262	9 (100.0%) (n = 2)
MST-4x1.0	cluster_58	3	sample_0177,sample_0487,sample_0488	clinical (100.0%) (n = 3)	3	C (33.3%), B (33.3%), A (33.3%) (n = 3)	2	B3 (66.7%), A3 (33.3%) (n = 3)	2011-01-26	2018-07-13	2725	1 (100.0%) (n = 3)
MST-4x1.0	cluster_102	2	sample_0317,sample_0318	food (100.0%) (n = 2)	2	C (50.0%), B (50.0%) (n = 2)	1	B2 (100.0%) (n = 2)	2015-01-16	2015-01-16	0	1 (100.0%) (n = 2)
MST-4x1.0	cluster_107	2	sample_0624,sample_0642	clinical (100.0%) (n = 2)	2	C (50.0%), A (50.0%) (n = 2)	2	B1 (50.0%), A9 (50.0%) (n = 2)	2016-01-01	2016-01-01	0	1 (100.0%) (n = 2)
MST-4x1.0	cluster_43	4	sample_0215,sample_0220,sample_0222,sample_0240	clinical (100.0%) (n = 4)	3	C (50.0%), B (25.0%), A (25.0%) (n = 4)	3	EMPTY (50.0%), A4 (25.0%), B2 (25.0%) (n = 4)	2017-03-09	2017-12-07	273	26 (100.0%) (n = 4)
MST-4x1.0	cluster_94	2	sample_0449,sample_0764	clinical (100.0%) (n = 2)	2	B (50.0%), A (50.0%) (n = 2)	2	B6 (50.0%), A6 (50.0%) (n = 2)	2011-09-16	2012-01-01	107	1 (100.0%) (n = 2)
MST-4x1.0	cluster_74	2	sample_0233,sample_0234	clinical (100.0%) (n = 2)	2	C (50.0%), B (50.0%) (n = 2)	1	B6 (100.0%) (n = 2)	2017-05-16	2017-05-17	1	6 (100.0%) (n = 2)
MST-4x1.0	cluster_79	8	sample_0037,sample_0132,sample_0194,sample_0228,sample_0250,sample_0286,sample_0292,sample_0618	clinical (100.0%) (n = 8)	3	C (50.0%), A (37.5%), B (12.5%) (n = 8)	7	B4 (25.0%), A6 (12.5%), B2 (12.5%), A3 (12.5%), A8 (12.5%), B3 (12.5%), B1 (12.5%) (n = 8)	2015-05-30	2021-01-29	2071	87 (100.0%) (n = 8)
MST-4x1.0	cluster_2	10	sample_0629,sample_0637,sample_0644,sample_0647,sample_0651,sample_0652,sample_0658,sample_0659,sample_0667,sample_0679	food (100.0%) (n = 10)	3	A (50.0%), C (30.0%), B (20.0%) (n = 10)	9	B5 (20.0%), B6 (10.0%), A7 (10.0%), A6 (10.0%), A9 (10.0%), A4 (10.0%), EMPTY (10.0%), B3 (10.0%), B4 (10.0%) (n = 10)	2015-01-01	2016-01-01	365	7 (100.0%) (n = 10)
MST-4x1.0	cluster_114	2	sample_0078,sample_0079	clinical (100.0%) (n = 2)	2	C (50.0%), A (50.0%) (n = 2)	2	A7 (50.0%), B2 (50.0%) (n = 2)	2020-05-18	2020-05-18	0	1 (100.0%) (n = 2)
MST-4x1.0	cluster_28	2	sample_0272,sample_0273	clinical (100.0%) (n = 2)	2	C (50.0%), B (50.0%) (n = 2)	1	B3 (100.0%) (n = 2)	2015-11-25	2015-11-25	0	388 (100.0%) (n = 2)
MST-4x1.0	cluster_16	4	sample_0123,sample_0203,sample_0204,sample_0367	clinical (75.0%), food (25.0%) (n = 4)	3	C (50.0%), B (25.0%), A (25.0%) (n = 4)	3	B4 (50.0%), A3 (25.0%), B1 (25.0%) (n = 4)	2014-01-24	2019-04-06	1898	9 (100.0%) (n = 4)
MST-4x1.0	cluster_25	2	sample_0631,sample_0648	food (100.0%) (n = 2)	2	C (50.0%), A (50.0%) (n = 2)	2	A6 (50.0%), B7 (50.0%) (n = 2)	2016-01-01	2016-01-01	0	121 (100.0%) (n = 2)
MST-4x1.0	cluster_70	2	sample_0558,sample_0559	clinical (100.0%) (n = 2)	2	C (50.0%), A (50.0%) (n = 2)	2	A7 (50.0%), B2 (50.0%) (n = 2)	2009-09-02	2009-09-02	0	3 (100.0%) (n = 2)
MST-4x1.0	cluster_122	2	sample_0533,sample_0537	clinical (100.0%) (n = 2)	2	C (50.0%), B (50.0%) (n = 2)	2	B2 (50.0%), B3 (50.0%) (n = 2)	2010-01-28	2010-03-02	33	217 (100.0%) (n = 2)
MST-4x1.0	cluster_121	2	sample_0333,sample_0407	clinical (100.0%) (n = 2)	2	C (50.0%), B (50.0%) (n = 2)	2	B7 (50.0%), EMPTY (50.0%) (n = 2)	2013-01-31	2014-10-15	622	217 (100.0%) (n = 2)
MST-4x1.0	cluster_88	2	sample_0594,sample_0664	clinical (50.0%), food (50.0%) (n = 2)	2	C (50.0%), B (50.0%) (n = 2)	1	B2 (100.0%) (n = 2)	2015-01-01	2019-01-01	1461	8 (100.0%) (n = 2)
MST-4x1.0	cluster_91	3	sample_0147,sample_0256,sample_0349	clinical (100.0%) (n = 3)	2	C (66.7%), A (33.3%) (n = 3)	3	A7 (33.3%), B5 (33.3%), B1 (33.3%) (n = 3)	2014-04-17	2019-10-02	1994	2 (100.0%) (n = 3)
MST-4x1.0	cluster_47	2	sample_0036,sample_0579	clinical (100.0%) (n = 2)	2	C (50.0%), A (50.0%) (n = 2)	2	A4 (50.0%), B4 (50.0%) (n = 2)	2021-01-01	2021-01-02	1	217 (100.0%) (n = 2)
MST-4x1.0	cluster_116	3	sample_0274,sample_0275,sample_0612	clinical (100.0%) (n = 3)	2	B (66.7%), A (33.3%) (n = 3)	3	B3 (33.3%), B4 (33.3%), A2 (33.3%) (n = 3)	2015-08-11	2017-01-01	509	382 (100.0%) (n = 3)
MST-4x1.0	cluster_92	7	sample_0656,sample_0669,sample_0684,sample_0715,sample_0748,sample_0809,sample_0862	food (100.0%) (n = 7)	3	B (42.9%), C (28.6%), A (28.6%) (n = 7)	5	B1 (42.9%), A4 (14.3%), A5 (14.3%), B7 (14.3%), B5 (14.3%) (n = 7)	2009-01-01	2015-01-01	2191	2 (100.0%) (n = 7)
MST-4x1.0	cluster_68	3	sample_0689,sample_0708,sample_0723	clinical (100.0%) (n = 3)	3	C (33.3%), B (33.3%), A (33.3%) (n = 3)	2	B2 (66.7%), A1 (33.3%) (n = 3)	2014-01-01	2014-01-01	0	1 (100.0%) (n = 3)
MST-4x1.0	cluster_27	5	sample_0125,sample_0582,sample_0588,sample_0595,sample_0599	food (100.0%) (n = 5)	3	C (40.0%), B (40.0%), A (20.0%) (n = 5)	4	B3 (40.0%), B7 (20.0%), A5 (20.0%), B2 (20.0%) (n = 5)	2019-01-01	2019-05-21	140	155 (100.0%) (n = 5)
MST-4x1.0	cluster_81	2	sample_0338,sample_0690	clinical (100.0%) (n = 2)	2	B (50.0%), A (50.0%) (n = 2)	2	B1 (50.0%), A2 (50.0%) (n = 2)	2014-01-01	2014-01-08	7	na (100.0%) (n = 2)
MST-4x1.0	cluster_12	3	sample_0765,sample_0777,sample_0790	clinical (100.0%) (n = 3)	3	C (33.3%), B (33.3%), A (33.3%) (n = 3)	2	EMPTY (66.7%), A7 (33.3%) (n = 3)	2012-01-01	2012-01-01	0	1 (100.0%) (n = 3)
MST-4x1.0	cluster_17	2	sample_0675,sample_0687	food (100.0%) (n = 2)	2	C (50.0%), B (50.0%) (n = 2)	2	B5 (50.0%), B4 (50.0%) (n = 2)	2015-01-01	2015-01-01	0	na (100.0%) (n = 2)
MST-4x1.0	cluster_34	2	sample_0419,sample_0464	clinical (50.0%), food (50.0%) (n = 2)	2	C (50.0%), B (50.0%) (n = 2)	1	B3 (100.0%) (n = 2)	2011-06-20	2012-03-12	266	87 (100.0%) (n = 2)
MST-4x1.0	cluster_30	2	sample_0716,sample_0737	food (100.0%) (n = 2)	2	B (50.0%), A (50.0%) (n = 2)	2	B2 (50.0%), A9 (50.0%) (n = 2)	2013-01-01	2014-01-01	365	2 (100.0%) (n = 2)
MST-4x1.0	cluster_33	2	sample_0018,sample_0020	clinical (100.0%) (n = 2)	2	C (50.0%), B (50.0%) (n = 2)	2	B6 (50.0%), B7 (50.0%) (n = 2)	2021-06-29	2021-07-13	14	87 (100.0%) (n = 2)
MST-4x1.0	cluster_76	3	sample_0267,sample_0319,sample_0391	clinical (100.0%) (n = 3)	2	A (66.7%), C (33.3%) (n = 3)	3	A1 (33.3%), A7 (33.3%), B1 (33.3%) (n = 3)	2013-09-04	2015-12-31	848	1 (100.0%) (n = 3)
MST-4x1.0	cluster_89	2	sample_0842,sample_0849	food (100.0%) (n = 2)	2	C (50.0%), A (50.0%) (n = 2)	2	A7 (50.0%), B7 (50.0%) (n = 2)	2009-01-01	2010-01-01	365	2 (100.0%) (n = 2)
MST-4x1.0	cluster_104	2	sample_0065,sample_0198	clinical (100.0%) (n = 2)	2	C (50.0%), B (50.0%) (n = 2)	2	B6 (50.0%), B2 (50.0%) (n = 2)	2018-02-25	2020-07-07	863	2 (100.0%) (n = 2)
MST-4x1.0	cluster_39	2	sample_0369,sample_0374	clinical (100.0%) (n = 2)	2	C (50.0%), B (50.0%) (n = 2)	2	B5 (50.0%), B3 (50.0%) (n = 2)	2013-11-27	2014-01-21	55	2 (100.0%) (n = 2)
MST-4x1.0	cluster_106	2	sample_0673,sample_0833	clinical (50.0%), food (50.0%) (n = 2)	1	B (100.0%) (n = 2)	2	B3 (50.0%), B4 (50.0%) (n = 2)	2010-01-01	2015-01-01	1826	2 (100.0%) (n = 2)
MST-4x1.0	cluster_117	2	sample_0157,sample_0158	clinical (100.0%) (n = 2)	2	B (50.0%), A (50.0%) (n = 2)	2	A3 (50.0%), B5 (50.0%) (n = 2)	2018-12-22	2018-12-22	0	388 (100.0%) (n = 2)
MST-4x1.0	cluster_111	2	sample_0348,sample_0368	food (100.0%) (n = 2)	2	C (50.0%), B (50.0%) (n = 2)	2	B3 (50.0%), B4 (50.0%) (n = 2)	2014-01-24	2014-04-22	88	29 (100.0%) (n = 2)
MST-4x1.0	cluster_62	2	sample_0740,sample_0782	food (100.0%) (n = 2)	2	B (50.0%), A (50.0%) (n = 2)	2	B5 (50.0%), A2 (50.0%) (n = 2)	2012-01-01	2013-01-01	366	1 (100.0%) (n = 2)
MST-4x1.0	cluster_110	2	sample_0310,sample_0314	food (100.0%) (n = 2)	2	B (50.0%), A (50.0%) (n = 2)	2	A4 (50.0%), B1 (50.0%) (n = 2)	2015-01-24	2015-02-18	25	6 (100.0%) (n = 2)
MST-4x1.0	cluster_31	6	sample_0086,sample_0170,sample_0171,sample_0184,sample_0191,sample_0236	clinical (100.0%) (n = 6)	3	B (66.7%), C (16.7%), A (16.7%) (n = 6)	5	B1 (33.3%), EMPTY (16.7%), B7 (16.7%), A2 (16.7%), B5 (16.7%) (n = 6)	2017-06-05	2020-04-16	1046	16 (100.0%) (n = 6)
MST-4x1.0	cluster_96	2	sample_0064,sample_0130	clinical (100.0%) (n = 2)	2	C (50.0%), A (50.0%) (n = 2)	2	A4 (50.0%), B5 (50.0%) (n = 2)	2019-07-05	2020-07-20	381	1 (100.0%) (n = 2)
MST-4x1.0	cluster_86	2	sample_0398,sample_0400	food (100.0%) (n = 2)	2	B (50.0%), A (50.0%) (n = 2)	2	B6 (50.0%), A4 (50.0%) (n = 2)	2013-12-03	2013-12-03	0	121 (100.0%) (n = 2)
MST-4x1.0	cluster_44	2	sample_0066,sample_0067	clinical (100.0%) (n = 2)	2	B (50.0%), A (50.0%) (n = 2)	2	A3 (50.0%), B7 (50.0%) (n = 2)	2020-06-25	2020-06-25	0	219 (100.0%) (n = 2)
MST-4x1.0	cluster_24	2	sample_0049,sample_0052	clinical (100.0%) (n = 2)	1	A (100.0%) (n = 2)	2	A8 (50.0%), A7 (50.0%) (n = 2)	2020-03-09	2020-08-19	163	37 (100.0%) (n = 2)
MST-4x1.0	cluster_83	2	sample_0415,sample_0416	food (100.0%) (n = 2)	1	B (100.0%) (n = 2)	2	B2 (50.0%), B3 (50.0%) (n = 2)	2012-03-12	2012-03-12	0	155 (100.0%) (n = 2)
MST-4x1.0	cluster_87	2	sample_0761,sample_0770	food (100.0%) (n = 2)	2	C (50.0%), A (50.0%) (n = 2)	2	B4 (50.0%), A2 (50.0%) (n = 2)	2012-01-01	2013-01-01	366	7 (100.0%) (n = 2)
MST-4x1.0	cluster_11	3	sample_0422,sample_0441,sample_0442	clinical (100.0%) (n = 3)	3	C (33.3%), B (33.3%), A (33.3%) (n = 3)	3	A8 (33.3%), B5 (33.3%), B3 (33.3%) (n = 3)	2012-01-06	2012-11-22	321	87 (100.0%) (n = 3)
MST-4x1.0	cluster_112	2	sample_0341,sample_0406	clinical (100.0%) (n = 2)	2	B (50.0%), A (50.0%) (n = 2)	2	B2 (50.0%), A6 (50.0%) (n = 2)	2013-04-02	2014-06-23	447	4 (100.0%) (n = 2)
MST-4x1.0	cluster_90	2	sample_0339,sample_0517	clinical (100.0%) (n = 2)	2	C (50.0%), A (50.0%) (n = 2)	2	A3 (50.0%), B1 (50.0%) (n = 2)	2010-12-06	2014-07-17	1319	2 (100.0%) (n = 2)
MST-4x1.0	cluster_3	9	sample_0179,sample_0447,sample_0531,sample_0567,sample_0570,sample_0571,sample_0573,sample_0578,sample_0619	food (55.6%), clinical (44.4%) (n = 9)	3	C (66.7%), B (22.2%), A (11.1%) (n = 9)	7	B5 (22.2%), B1 (22.2%), B6 (11.1%), B4 (11.1%), A1 (11.1%), B7 (11.1%), B3 (11.1%) (n = 9)	2004-03-30	2018-01-07	5031	87 (100.0%) (n = 9)
MST-4x1.0	cluster_29	4	sample_0601,sample_0746,sample_0757,sample_0799	food (100.0%) (n = 4)	3	C (50.0%), B (25.0%), A (25.0%) (n = 4)	4	EMPTY (25.0%), B1 (25.0%), B7 (25.0%), A2 (25.0%) (n = 4)	2012-01-01	2018-01-01	2192	2 (75.0%), na (25.0%) (n = 4)
MST-4x1.0	cluster_66	2	sample_0298,sample_0304	clinical (100.0%) (n = 2)	1	A (100.0%) (n = 2)	2	A2 (50.0%), EMPTY (50.0%) (n = 2)	2015-05-05	2015-11-04	183	1 (100.0%) (n = 2)
MST-4x1.0	cluster_41	2	sample_0209,sample_0213	clinical (100.0%) (n = 2)	2	C (50.0%), B (50.0%) (n = 2)	2	B6 (50.0%), B7 (50.0%) (n = 2)	2017-09-22	2017-11-24	63	1 (100.0%) (n = 2)
MST-4x1.0	cluster_50	2	sample_0671,sample_0843	food (100.0%) (n = 2)	2	C (50.0%), B (50.0%) (n = 2)	2	B1 (50.0%), EMPTY (50.0%) (n = 2)	2010-01-01	2015-01-01	1826	9 (100.0%) (n = 2)
MST-4x1.0	cluster_120	2	sample_0285,sample_0387	clinical (100.0%) (n = 2)	1	C (100.0%) (n = 2)	2	B1 (50.0%), B7 (50.0%) (n = 2)	2013-01-05	2015-07-17	923	219 (100.0%) (n = 2)
MST-4x1.0	cluster_15	7	sample_0046,sample_0048,sample_0263,sample_0264,sample_0311,sample_0774,sample_0838	clinical (71.4%), food (28.6%) (n = 7)	3	B (42.9%), C (28.6%), A (28.6%) (n = 7)	3	EMPTY (57.1%), A6 (28.6%), B1 (14.3%) (n = 7)	2010-01-01	2020-07-09	3842	14 (100.0%) (n = 7)
MST-4x1.0	cluster_57	2	sample_0252,sample_0605	clinical (50.0%), food (50.0%) (n = 2)	1	C (100.0%) (n = 2)	2	B1 (50.0%), B4 (50.0%) (n = 2)	2016-06-15	2018-01-01	565	1 (100.0%) (n = 2)
MST-4x1.0	cluster_42	2	sample_0496,sample_0508	clinical (100.0%) (n = 2)	1	A (100.0%) (n = 2)	2	A6 (50.0%), EMPTY (50.0%) (n = 2)	2010-08-15	2010-11-27	104	2 (100.0%) (n = 2)
MST-4x1.0	cluster_36	5	sample_0654,sample_0739,sample_0749,sample_0750,sample_0758	food (100.0%) (n = 5)	3	B (40.0%), A (40.0%), C (20.0%) (n = 5)	5	B2 (20.0%), A1 (20.0%), A2 (20.0%), B3 (20.0%), B1 (20.0%) (n = 5)	2013-01-01	2015-01-01	730	1 (100.0%) (n = 5)
MST-4x1.0	cluster_98	2	sample_0110,sample_0139	clinical (100.0%) (n = 2)	2	B (50.0%), A (50.0%) (n = 2)	2	A7 (50.0%), B5 (50.0%) (n = 2)	2019-03-21	2019-07-08	109	382 (100.0%) (n = 2)
MST-4x1.0	cluster_67	2	sample_0054,sample_0056	clinical (100.0%) (n = 2)	2	C (50.0%), A (50.0%) (n = 2)	2	B2 (50.0%), A9 (50.0%) (n = 2)	2020-08-13	2020-08-13	0	87 (100.0%) (n = 2)
MST-4x1.0	cluster_52	13	sample_0611,sample_0615,sample_0699,sample_0730,sample_0733,sample_0745,sample_0755,sample_0756,sample_0772,sample_0798,sample_0816,sample_0851,sample_0864	food (100.0%) (n = 13)	3	C (46.2%), A (30.8%), B (23.1%) (n = 13)	10	B6 (23.1%), B7 (15.4%), B2 (7.7%), A9 (7.7%), A4 (7.7%), B4 (7.7%), EMPTY (7.7%), A1 (7.7%), A8 (7.7%), B1 (7.7%) (n = 13)	2009-01-01	2017-01-01	2922	121 (100.0%) (n = 13)
MST-4x1.0	cluster_4	2	sample_0071,sample_0072	clinical (100.0%) (n = 2)	2	C (50.0%), B (50.0%) (n = 2)	1	EMPTY (100.0%) (n = 2)	2020-08-06	2020-08-06	0	1 (100.0%) (n = 2)
MST-4x1.0	cluster_99	2	sample_0281,sample_0283	clinical (100.0%) (n = 2)	2	B (50.0%), A (50.0%) (n = 2)	2	B6 (50.0%), A5 (50.0%) (n = 2)	2015-01-08	2015-08-15	219	na (100.0%) (n = 2)
MST-4x1.0	cluster_65	2	sample_0169,sample_0210	clinical (100.0%) (n = 2)	2	C (50.0%), A (50.0%) (n = 2)	2	B6 (50.0%), A7 (50.0%) (n = 2)	2017-10-18	2018-07-09	264	2 (100.0%) (n = 2)
MST-4x1.0	cluster_49	2	sample_0326,sample_0383	clinical (100.0%) (n = 2)	2	B (50.0%), A (50.0%) (n = 2)	2	B5 (50.0%), A9 (50.0%) (n = 2)	2013-06-19	2014-03-11	265	155 (100.0%) (n = 2)
MST-4x1.0	cluster_55	2	sample_0471,sample_0472	clinical (100.0%) (n = 2)	2	C (50.0%), A (50.0%) (n = 2)	2	A8 (50.0%), B5 (50.0%) (n = 2)	2011-02-04	2011-02-04	0	426 (100.0%) (n = 2)
MST-4x1.0	cluster_9	2	sample_0432,sample_0433	food (100.0%) (n = 2)	2	B (50.0%), A (50.0%) (n = 2)	2	A5 (50.0%), B1 (50.0%) (n = 2)	2012-10-18	2012-10-18	0	1 (100.0%) (n = 2)
MST-4x1.0	cluster_115	4	sample_0375,sample_0380,sample_0381,sample_0694	food (100.0%) (n = 4)	3	C (50.0%), B (25.0%), A (25.0%) (n = 4)	3	B7 (50.0%), B5 (25.0%), A6 (25.0%) (n = 4)	2013-10-20	2014-01-01	73	121 (100.0%) (n = 4)
MST-4x1.0	cluster_82	37	sample_0323,sample_0478,sample_0485,sample_0490,sample_0497,sample_0498,sample_0501,sample_0503,sample_0504,sample_0512,sample_0518,sample_0519,sample_0520,sample_0523,sample_0525,sample_0526,sample_0527,sample_0528,sample_0529,sample_0530,sample_0532,sample_0534,sample_0535,sample_0541,sample_0542,sample_0543,sample_0544,sample_0545,sample_0712,sample_0805,sample_0813,sample_0814,sample_0820,sample_0826,sample_0845,sample_0852,sample_0859	clinical (86.5%), food (13.5%) (n = 37)	3	B (37.8%), A (35.1%), C (27.0%) (n = 37)	17	EMPTY (16.2%), B6 (13.5%), B2 (10.8%), B5 (10.8%), B7 (8.1%), A6 (5.4%), A4 (5.4%), A1 (5.4%), A7 (2.7%), A9 (2.7%), A3 (2.7%), B1 (2.7%), A5 (2.7%), A2 (2.7%), A8 (2.7%), B3 (2.7%), B4 (2.7%) (n = 37)	2009-01-01	2014-11-27	2156	388 (100.0%) (n = 37)
MST-4x1.0	cluster_80	2	sample_0625,sample_0641	clinical (100.0%) (n = 2)	2	C (50.0%), A (50.0%) (n = 2)	1	EMPTY (100.0%) (n = 2)	2016-01-01	2016-01-01	0	1 (100.0%) (n = 2)
MST-4x1.0	cluster_77	2	sample_0585,sample_0597	food (100.0%) (n = 2)	2	C (50.0%), A (50.0%) (n = 2)	2	A8 (50.0%), B5 (50.0%) (n = 2)	2019-01-01	2019-01-01	0	2 (100.0%) (n = 2)
MST-4x1.0	cluster_69	2	sample_0361,sample_0620	environmental (50.0%), food (50.0%) (n = 2)	1	C (100.0%) (n = 2)	2	B4 (50.0%), EMPTY (50.0%) (n = 2)	2014-05-03	2017-01-01	974	na (100.0%) (n = 2)
MST-4x1.0	cluster_6	2	sample_0334,sample_0397	clinical (100.0%) (n = 2)	1	A (100.0%) (n = 2)	2	A3 (50.0%), A2 (50.0%) (n = 2)	2013-12-03	2014-05-10	158	1 (100.0%) (n = 2)
MST-4x1.0	cluster_56	2	sample_0172,sample_0174	clinical (100.0%) (n = 2)	2	C (50.0%), A (50.0%) (n = 2)	2	A8 (50.0%), B2 (50.0%) (n = 2)	2018-07-25	2018-07-28	3	378 (100.0%) (n = 2)
MST-4x1.0	cluster_35	3	sample_0032,sample_0293,sample_0655	clinical (66.7%), food (33.3%) (n = 3)	2	B (66.7%), A (33.3%) (n = 3)	3	A3 (33.3%), B3 (33.3%), B2 (33.3%) (n = 3)	2015-01-01	2021-03-23	2273	1 (100.0%) (n = 3)
MST-4x1.0	cluster_85	2	sample_0099,sample_0113	clinical (100.0%) (n = 2)	2	C (50.0%), B (50.0%) (n = 2)	2	B6 (50.0%), B1 (50.0%) (n = 2)	2019-10-27	2019-11-07	11	1 (100.0%) (n = 2)
MST-4x1.0	cluster_22	2	sample_0384,sample_0385	clinical (100.0%) (n = 2)	2	C (50.0%), B (50.0%) (n = 2)	1	EMPTY (100.0%) (n = 2)	2013-06-19	2013-06-19	0	217 (100.0%) (n = 2)
MST-4x1.0	cluster_103	2	sample_0080,sample_0473	clinical (100.0%) (n = 2)	1	B (100.0%) (n = 2)	2	B6 (50.0%), B3 (50.0%) (n = 2)	2011-03-23	2020-08-05	3423	1 (100.0%) (n = 2)
MST-4x1.0	cluster_21	2	sample_0295,sample_0309	clinical (100.0%) (n = 2)	2	C (50.0%), A (50.0%) (n = 2)	2	B7 (50.0%), A9 (50.0%) (n = 2)	2015-02-25	2015-05-21	85	6 (100.0%) (n = 2)
MST-4x1.0	cluster_84	2	sample_0727,sample_0815	food (100.0%) (n = 2)	2	C (50.0%), B (50.0%) (n = 2)	2	B6 (50.0%), B1 (50.0%) (n = 2)	2011-01-01	2014-01-01	1096	9 (100.0%) (n = 2)
MST-4x1.0	cluster_75	5	sample_0239,sample_0262,sample_0382,sample_0608,sample_0698	clinical (60.0%), food (40.0%) (n = 5)	2	A (80.0%), B (20.0%) (n = 5)	3	A8 (40.0%), EMPTY (40.0%), A5 (20.0%) (n = 5)	2013-09-20	2017-03-23	1280	87 (100.0%) (n = 5)
MST-4x1.0	cluster_60	2	sample_0217,sample_0614	clinical (50.0%), food (50.0%) (n = 2)	2	B (50.0%), A (50.0%) (n = 2)	2	A3 (50.0%), B5 (50.0%) (n = 2)	2017-01-01	2017-08-26	237	403 (100.0%) (n = 2)
MST-4x1.0	cluster_72	4	sample_0148,sample_0662,sample_0663,sample_0688	food (75.0%), clinical (25.0%) (n = 4)	3	A (50.0%), C (25.0%), B (25.0%) (n = 4)	3	EMPTY (50.0%), B5 (25.0%), B1 (25.0%) (n = 4)	2015-01-01	2019-06-02	1613	87 (100.0%) (n = 4)
MST-4x1.0	cluster_1	7	sample_0168,sample_0205,sample_0212,sample_0241,sample_0253,sample_0269,sample_0613	clinical (100.0%) (n = 7)	3	B (42.9%), A (42.9%), C (14.3%) (n = 7)	7	B2 (14.3%), A9 (14.3%), EMPTY (14.3%), A5 (14.3%), A1 (14.3%), B7 (14.3%), B4 (14.3%) (n = 7)	2015-12-28	2018-09-16	993	1 (100.0%) (n = 7)
MST-4x1.0	cluster_7	6	sample_0507,sample_0510,sample_0515,sample_0548,sample_0550,sample_0646	clinical (66.7%), food (33.3%) (n = 6)	3	C (50.0%), A (33.3%), B (16.7%) (n = 6)	6	A4 (16.7%), B4 (16.7%), A1 (16.7%), B7 (16.7%), B5 (16.7%), B1 (16.7%) (n = 6)	2009-12-13	2016-01-01	2210	1 (100.0%) (n = 6)
MST-4x1.0	cluster_54	7	sample_0322,sample_0423,sample_0424,sample_0425,sample_0426,sample_0427,sample_0721	food (71.4%), clinical (28.6%) (n = 7)	3	C (42.9%), B (28.6%), A (28.6%) (n = 7)	7	B6 (14.3%), A3 (14.3%), EMPTY (14.3%), B7 (14.3%), A2 (14.3%), B5 (14.3%), B3 (14.3%) (n = 7)	2012-11-14	2014-04-12	514	1 (100.0%) (n = 7)
MST-4x1.0	cluster_32	3	sample_0324,sample_0691,sample_0720	clinical (100.0%) (n = 3)	2	C (66.7%), A (33.3%) (n = 3)	3	B7 (33.3%), A3 (33.3%), B4 (33.3%) (n = 3)	2014-01-01	2014-11-17	320	1 (100.0%) (n = 3)
MST-4x1.0	cluster_20	6	sample_0321,sample_0630,sample_0635,sample_0665,sample_0666,sample_0680	food (100.0%) (n = 6)	3	B (50.0%), A (33.3%), C (16.7%) (n = 6)	5	B3 (33.3%), A5 (16.7%), A8 (16.7%), B5 (16.7%), B4 (16.7%) (n = 6)	2014-04-12	2016-01-01	629	7 (100.0%) (n = 6)
MST-4x1.0	cluster_48	3	sample_0284,sample_0353,sample_0365	clinical (100.0%) (n = 3)	1	B (100.0%) (n = 3)	3	B6 (33.3%), B2 (33.3%), B7 (33.3%) (n = 3)	2014-02-16	2015-07-18	517	8 (100.0%) (n = 3)
MST-4x1.0	cluster_45	2	sample_0316,sample_0370	clinical (100.0%) (n = 2)	2	C (50.0%), A (50.0%) (n = 2)	2	A4 (50.0%), B1 (50.0%) (n = 2)	2014-01-13	2015-01-20	372	200 (100.0%) (n = 2)
MST-4x1.0	cluster_100	2	sample_0202,sample_0479	clinical (100.0%) (n = 2)	2	B (50.0%), A (50.0%) (n = 2)	2	A8 (50.0%), EMPTY (50.0%) (n = 2)	2011-04-03	2018-01-23	2487	4 (100.0%) (n = 2)
MST-4x1.0	cluster_5	2	sample_0704,sample_0744	clinical (100.0%) (n = 2)	1	B (100.0%) (n = 2)	2	B6 (50.0%), B5 (50.0%) (n = 2)	2013-01-01	2014-01-01	365	1 (100.0%) (n = 2)
MST-4x1.0	cluster_73	3	sample_0713,sample_0751,sample_0769	food (100.0%) (n = 3)	2	B (66.7%), A (33.3%) (n = 3)	3	A1 (33.3%), B7 (33.3%), B4 (33.3%) (n = 3)	2012-01-01	2014-01-01	731	1 (100.0%) (n = 3)
MST-4x1.0	cluster_46	2	sample_0224,sample_0230	clinical (100.0%) (n = 2)	1	B (100.0%) (n = 2)	2	B5 (50.0%), B3 (50.0%) (n = 2)	2017-06-30	2017-11-06	129	378 (100.0%) (n = 2)
MST-4x1.0	cluster_97	2	sample_0459,sample_0499	clinical (100.0%) (n = 2)	1	A (100.0%) (n = 2)	2	A4 (50.0%), A7 (50.0%) (n = 2)	2010-11-15	2011-07-19	246	1 (100.0%) (n = 2)
MST-4x1.0	cluster_37	10	sample_0001,sample_0063,sample_0206,sample_0216,sample_0219,sample_0244,sample_0246,sample_0393,sample_0448,sample_0451	clinical (100.0%) (n = 10)	3	A (50.0%), C (40.0%), B (10.0%) (n = 10)	7	EMPTY (20.0%), A1 (20.0%), A2 (20.0%), B2 (10.0%), B5 (10.0%), B3 (10.0%), B1 (10.0%) (n = 10)	2011-01-10	2021-11-21	3968	1 (90.0%), na (10.0%) (n = 10)
MST-4x1.0	cluster_19	2	sample_0438,sample_0439	clinical (100.0%) (n = 2)	2	C (50.0%), A (50.0%) (n = 2)	2	A7 (50.0%), B2 (50.0%) (n = 2)	2012-04-09	2012-04-09	0	6 (100.0%) (n = 2)
MST-4x1.0	cluster_108	2	sample_0538,sample_0539	clinical (100.0%) (n = 2)	2	B (50.0%), A (50.0%) (n = 2)	2	B4 (50.0%), EMPTY (50.0%) (n = 2)	2010-01-27	2010-01-27	0	87 (100.0%) (n = 2)
MST-4x1.0	cluster_13	3	sample_0784,sample_0785,sample_0786	food (100.0%) (n = 3)	1	B (100.0%) (n = 3)	3	B1 (33.3%), B7 (33.3%), EMPTY (33.3%) (n = 3)	2012-01-01	2012-01-01	0	121 (100.0%) (n = 3)
MST-4x1.0	cluster_40	7	sample_0312,sample_0386,sample_0460,sample_0468,sample_0500,sample_0516,sample_0556	clinical (100.0%) (n = 7)	3	C (57.1%), B (28.6%), A (14.3%) (n = 7)	5	B1 (28.6%), B4 (28.6%), A6 (14.3%), EMPTY (14.3%), B7 (14.3%) (n = 7)	2009-03-22	2015-04-02	2202	1 (100.0%) (n = 7)
MST-4x1.0	cluster_109	2	sample_0301,sample_0376	clinical (50.0%), food (50.0%) (n = 2)	1	A (100.0%) (n = 2)	2	A1 (50.0%), A6 (50.0%) (n = 2)	2013-05-11	2015-04-27	716	6 (50.0%), na (50.0%) (n = 2)
MST-4x1.0	cluster_8	4	sample_0697,sample_0711,sample_0738,sample_0759	food (100.0%) (n = 4)	3	A (50.0%), C (25.0%), B (25.0%) (n = 4)	4	B5 (25.0%), B2 (25.0%), EMPTY (25.0%), A9 (25.0%) (n = 4)	2013-01-01	2014-01-01	365	1 (100.0%) (n = 4)
MST-4x1.0	cluster_105	2	sample_0225,sample_0767	clinical (50.0%), food (50.0%) (n = 2)	2	C (50.0%), A (50.0%) (n = 2)	2	B3 (50.0%), A9 (50.0%) (n = 2)	2012-01-01	2017-06-25	2002	378 (100.0%) (n = 2)
MST-7x1.0	cluster_118	2	sample_0078,sample_0079	clinical (100.0%) (n = 2)	2	C (50.0%), A (50.0%) (n = 2)	2	A7 (50.0%), B2 (50.0%) (n = 2)	2020-05-18	2020-05-18	0	1 (100.0%) (n = 2)
MST-7x1.0	cluster_63	2	sample_0585,sample_0597	food (100.0%) (n = 2)	2	C (50.0%), A (50.0%) (n = 2)	2	A8 (50.0%), B5 (50.0%) (n = 2)	2019-01-01	2019-01-01	0	2 (100.0%) (n = 2)
MST-7x1.0	cluster_78	2	sample_0064,sample_0130	clinical (100.0%) (n = 2)	2	C (50.0%), A (50.0%) (n = 2)	2	A4 (50.0%), B5 (50.0%) (n = 2)	2019-07-05	2020-07-20	381	1 (100.0%) (n = 2)
MST-7x1.0	cluster_26	7	sample_0029,sample_0086,sample_0170,sample_0171,sample_0184,sample_0191,sample_0236	clinical (100.0%) (n = 7)	3	B (71.4%), C (14.3%), A (14.3%) (n = 7)	6	B1 (28.6%), B2 (14.3%), EMPTY (14.3%), B7 (14.3%), A2 (14.3%), B5 (14.3%) (n = 7)	2017-06-05	2021-04-26	1421	16 (100.0%) (n = 7)
MST-7x1.0	cluster_93	24	sample_0061,sample_0093,sample_0098,sample_0105,sample_0107,sample_0108,sample_0109,sample_0121,sample_0137,sample_0155,sample_0168,sample_0182,sample_0187,sample_0188,sample_0189,sample_0190,sample_0195,sample_0205,sample_0212,sample_0241,sample_0253,sample_0269,sample_0336,sample_0613	clinical (100.0%) (n = 24)	3	C (33.3%), B (33.3%), A (33.3%) (n = 24)	13	B4 (16.7%), B7 (16.7%), A1 (12.5%), EMPTY (8.3%), B5 (8.3%), B1 (8.3%), A7 (4.2%), B2 (4.2%), A9 (4.2%), A3 (4.2%), A4 (4.2%), A5 (4.2%), B3 (4.2%) (n = 24)	2014-09-18	2020-07-22	2134	1 (100.0%) (n = 24)
MST-7x1.0	cluster_38	2	sample_0036,sample_0579	clinical (100.0%) (n = 2)	2	C (50.0%), A (50.0%) (n = 2)	2	A4 (50.0%), B4 (50.0%) (n = 2)	2021-01-01	2021-01-02	1	217 (100.0%) (n = 2)
MST-7x1.0	cluster_51	2	sample_0342,sample_0705	clinical (100.0%) (n = 2)	2	C (50.0%), B (50.0%) (n = 2)	2	B2 (50.0%), B7 (50.0%) (n = 2)	2014-01-01	2014-03-06	64	4 (100.0%) (n = 2)
MST-7x1.0	cluster_23	2	sample_0272,sample_0273	clinical (100.0%) (n = 2)	2	C (50.0%), B (50.0%) (n = 2)	1	B3 (100.0%) (n = 2)	2015-11-25	2015-11-25	0	388 (100.0%) (n = 2)
MST-7x1.0	cluster_61	5	sample_0239,sample_0262,sample_0382,sample_0608,sample_0698	clinical (60.0%), food (40.0%) (n = 5)	2	A (80.0%), B (20.0%) (n = 5)	3	A8 (40.0%), EMPTY (40.0%), A5 (20.0%) (n = 5)	2013-09-20	2017-03-23	1280	87 (100.0%) (n = 5)
MST-7x1.0	cluster_14	2	sample_0403,sample_0431	food (100.0%) (n = 2)	2	C (50.0%), B (50.0%) (n = 2)	2	B6 (50.0%), EMPTY (50.0%) (n = 2)	2012-06-11	2013-02-28	262	9 (100.0%) (n = 2)
MST-7x1.0	cluster_95	2	sample_0080,sample_0473	clinical (100.0%) (n = 2)	1	B (100.0%) (n = 2)	2	B6 (50.0%), B3 (50.0%) (n = 2)	2011-03-23	2020-08-05	3423	1 (100.0%) (n = 2)
MST-7x1.0	cluster_101	2	sample_0173,sample_0183	clinical (100.0%) (n = 2)	2	C (50.0%), B (50.0%) (n = 2)	2	B5 (50.0%), B2 (50.0%) (n = 2)	2018-06-15	2018-07-27	42	9 (100.0%) (n = 2)
MST-7x1.0	cluster_53	2	sample_0298,sample_0304	clinical (100.0%) (n = 2)	1	A (100.0%) (n = 2)	2	A2 (50.0%), EMPTY (50.0%) (n = 2)	2015-05-05	2015-11-04	183	1 (100.0%) (n = 2)
MST-7x1.0	cluster_113	2	sample_0310,sample_0314	food (100.0%) (n = 2)	2	B (50.0%), A (50.0%) (n = 2)	2	A4 (50.0%), B1 (50.0%) (n = 2)	2015-01-24	2015-02-18	25	6 (100.0%) (n = 2)
MST-7x1.0	cluster_119	4	sample_0375,sample_0380,sample_0381,sample_0694	food (100.0%) (n = 4)	3	C (50.0%), B (25.0%), A (25.0%) (n = 4)	3	B7 (50.0%), B5 (25.0%), A6 (25.0%) (n = 4)	2013-10-20	2014-01-01	73	121 (100.0%) (n = 4)
MST-7x1.0	cluster_64	2	sample_0625,sample_0641	clinical (100.0%) (n = 2)	2	C (50.0%), A (50.0%) (n = 2)	1	EMPTY (100.0%) (n = 2)	2016-01-01	2016-01-01	0	1 (100.0%) (n = 2)
MST-7x1.0	cluster_71	2	sample_0594,sample_0664	clinical (50.0%), food (50.0%) (n = 2)	2	C (50.0%), B (50.0%) (n = 2)	1	B2 (100.0%) (n = 2)	2015-01-01	2019-01-01	1461	8 (100.0%) (n = 2)
MST-7x1.0	cluster_59	5	sample_0044,sample_0148,sample_0662,sample_0663,sample_0688	food (60.0%), clinical (40.0%) (n = 5)	3	B (40.0%), A (40.0%), C (20.0%) (n = 5)	4	EMPTY (40.0%), B5 (20.0%), B1 (20.0%), B7 (20.0%) (n = 5)	2015-01-01	2020-09-17	2086	87 (100.0%) (n = 5)
MST-7x1.0	cluster_127	2	sample_0533,sample_0537	clinical (100.0%) (n = 2)	2	C (50.0%), B (50.0%) (n = 2)	2	B2 (50.0%), B3 (50.0%) (n = 2)	2010-01-28	2010-03-02	33	217 (100.0%) (n = 2)
MST-7x1.0	cluster_10	3	sample_0714,sample_0734,sample_0792	food (100.0%) (n = 3)	3	C (33.3%), B (33.3%), A (33.3%) (n = 3)	3	A6 (33.3%), B2 (33.3%), EMPTY (33.3%) (n = 3)	2012-01-01	2014-01-01	731	121 (100.0%) (n = 3)
MST-7x1.0	cluster_123	2	sample_0405,sample_0443	clinical (100.0%) (n = 2)	2	C (50.0%), B (50.0%) (n = 2)	2	B7 (50.0%), B4 (50.0%) (n = 2)	2012-09-02	2013-09-02	365	736 (100.0%) (n = 2)
MST-7x1.0	cluster_18	2	sample_0384,sample_0385	clinical (100.0%) (n = 2)	2	C (50.0%), B (50.0%) (n = 2)	1	EMPTY (100.0%) (n = 2)	2013-06-19	2013-06-19	0	217 (100.0%) (n = 2)
MST-7x1.0	cluster_58	2	sample_0808,sample_0844	food (100.0%) (n = 2)	2	C (50.0%), A (50.0%) (n = 2)	2	A4 (50.0%), B1 (50.0%) (n = 2)	2010-01-01	2011-01-01	365	3 (100.0%) (n = 2)
MST-7x1.0	cluster_102	5	sample_0013,sample_0143,sample_0233,sample_0234,sample_0238	clinical (100.0%) (n = 5)	3	B (40.0%), A (40.0%), C (20.0%) (n = 5)	3	B6 (40.0%), EMPTY (40.0%), A5 (20.0%) (n = 5)	2017-03-24	2021-02-08	1417	6 (100.0%) (n = 5)
MST-7x1.0	cluster_107	2	sample_0673,sample_0833	clinical (50.0%), food (50.0%) (n = 2)	1	B (100.0%) (n = 2)	2	B3 (50.0%), B4 (50.0%) (n = 2)	2010-01-01	2015-01-01	1826	2 (100.0%) (n = 2)
MST-7x1.0	cluster_43	2	sample_0471,sample_0472	clinical (100.0%) (n = 2)	2	C (50.0%), A (50.0%) (n = 2)	2	A8 (50.0%), B5 (50.0%) (n = 2)	2011-02-04	2011-02-04	0	426 (100.0%) (n = 2)
MST-7x1.0	cluster_94	2	sample_0159,sample_0366	clinical (100.0%) (n = 2)	1	C (100.0%) (n = 2)	2	B5 (50.0%), B2 (50.0%) (n = 2)	2014-09-02	2018-12-15	1565	1 (100.0%) (n = 2)
MST-7x1.0	cluster_74	4	sample_0147,sample_0256,sample_0349,sample_0463	clinical (100.0%) (n = 4)	2	C (50.0%), A (50.0%) (n = 4)	4	A7 (25.0%), A5 (25.0%), B5 (25.0%), B1 (25.0%) (n = 4)	2011-06-21	2019-10-02	3025	2 (100.0%) (n = 4)
MST-7x1.0	cluster_79	2	sample_0459,sample_0499	clinical (100.0%) (n = 2)	1	A (100.0%) (n = 2)	2	A4 (50.0%), A7 (50.0%) (n = 2)	2010-11-15	2011-07-19	246	1 (100.0%) (n = 2)
MST-7x1.0	cluster_2	2	sample_0704,sample_0744	clinical (100.0%) (n = 2)	1	B (100.0%) (n = 2)	2	B6 (50.0%), B5 (50.0%) (n = 2)	2013-01-01	2014-01-01	365	1 (100.0%) (n = 2)
MST-7x1.0	cluster_114	2	sample_0348,sample_0368	food (100.0%) (n = 2)	2	C (50.0%), B (50.0%) (n = 2)	2	B3 (50.0%), B4 (50.0%) (n = 2)	2014-01-24	2014-04-22	88	29 (100.0%) (n = 2)
MST-7x1.0	cluster_28	2	sample_0018,sample_0020	clinical (100.0%) (n = 2)	2	C (50.0%), B (50.0%) (n = 2)	2	B6 (50.0%), B7 (50.0%) (n = 2)	2021-06-29	2021-07-13	14	87 (100.0%) (n = 2)
MST-7x1.0	cluster_16	7	sample_0321,sample_0630,sample_0635,sample_0665,sample_0666,sample_0677,sample_0680	food (100.0%) (n = 7)	3	B (42.9%), C (28.6%), A (28.6%) (n = 7)	6	B3 (28.6%), B2 (14.3%), A5 (14.3%), A8 (14.3%), B5 (14.3%), B4 (14.3%) (n = 7)	2014-04-12	2016-01-01	629	7 (100.0%) (n = 7)
MST-7x1.0	cluster_25	2	sample_0716,sample_0737	food (100.0%) (n = 2)	2	B (50.0%), A (50.0%) (n = 2)	2	B2 (50.0%), A9 (50.0%) (n = 2)	2013-01-01	2014-01-01	365	2 (100.0%) (n = 2)
MST-7x1.0	cluster_70	3	sample_0696,sample_0761,sample_0770	food (100.0%) (n = 3)	2	A (66.7%), C (33.3%) (n = 3)	3	A8 (33.3%), B4 (33.3%), A2 (33.3%) (n = 3)	2012-01-01	2014-01-01	731	7 (100.0%) (n = 3)
MST-7x1.0	cluster_122	2	sample_0157,sample_0158	clinical (100.0%) (n = 2)	2	B (50.0%), A (50.0%) (n = 2)	2	A3 (50.0%), B5 (50.0%) (n = 2)	2018-12-22	2018-12-22	0	388 (100.0%) (n = 2)
MST-7x1.0	cluster_121	3	sample_0274,sample_0275,sample_0612	clinical (100.0%) (n = 3)	2	B (66.7%), A (33.3%) (n = 3)	3	B3 (33.3%), B4 (33.3%), A2 (33.3%) (n = 3)	2015-08-11	2017-01-01	509	382 (100.0%) (n = 3)
MST-7x1.0	cluster_125	2	sample_0285,sample_0387	clinical (100.0%) (n = 2)	1	C (100.0%) (n = 2)	2	B1 (50.0%), B7 (50.0%) (n = 2)	2013-01-05	2015-07-17	923	219 (100.0%) (n = 2)
MST-7x1.0	cluster_88	12	sample_0645,sample_0649,sample_0695,sample_0700,sample_0718,sample_0725,sample_0728,sample_0731,sample_0732,sample_0760,sample_0763,sample_0788	food (100.0%) (n = 12)	3	C (66.7%), B (16.7%), A (16.7%) (n = 12)	8	B3 (25.0%), B4 (25.0%), B6 (8.3%), A7 (8.3%), B2 (8.3%), EMPTY (8.3%), B7 (8.3%), A2 (8.3%) (n = 12)	2012-01-01	2016-01-01	1461	121 (100.0%) (n = 12)
MST-7x1.0	cluster_91	3	sample_0053,sample_0265,sample_0606	clinical (100.0%) (n = 3)	2	A (66.7%), B (33.3%) (n = 3)	3	A3 (33.3%), B2 (33.3%), A9 (33.3%) (n = 3)	2016-01-29	2020-08-17	1662	1 (100.0%) (n = 3)
MST-7x1.0	cluster_47	2	sample_0217,sample_0614	clinical (50.0%), food (50.0%) (n = 2)	2	B (50.0%), A (50.0%) (n = 2)	2	A3 (50.0%), B5 (50.0%) (n = 2)	2017-01-01	2017-08-26	237	403 (100.0%) (n = 2)
MST-7x1.0	cluster_92	15	sample_0001,sample_0063,sample_0071,sample_0072,sample_0175,sample_0186,sample_0206,sample_0216,sample_0219,sample_0244,sample_0246,sample_0393,sample_0448,sample_0451,sample_0623	clinical (93.3%), food (6.7%) (n = 15)	3	C (46.7%), A (40.0%), B (13.3%) (n = 15)	10	EMPTY (26.7%), A1 (13.3%), A2 (13.3%), B6 (6.7%), B2 (6.7%), A9 (6.7%), B7 (6.7%), B5 (6.7%), B3 (6.7%), B1 (6.7%) (n = 15)	2011-01-10	2021-11-21	3968	1 (93.3%), na (6.7%) (n = 15)
MST-7x1.0	cluster_116	2	sample_0112,sample_0363	clinical (50.0%), food (50.0%) (n = 2)	1	A (100.0%) (n = 2)	2	A8 (50.0%), A2 (50.0%) (n = 2)	2014-02-17	2019-07-29	1988	29 (100.0%) (n = 2)
MST-7x1.0	cluster_68	2	sample_0099,sample_0113	clinical (100.0%) (n = 2)	2	C (50.0%), B (50.0%) (n = 2)	2	B6 (50.0%), B1 (50.0%) (n = 2)	2019-10-27	2019-11-07	11	1 (100.0%) (n = 2)
MST-7x1.0	cluster_27	3	sample_0324,sample_0691,sample_0720	clinical (100.0%) (n = 3)	2	C (66.7%), A (33.3%) (n = 3)	3	B7 (33.3%), A3 (33.3%), B4 (33.3%) (n = 3)	2014-01-01	2014-11-17	320	1 (100.0%) (n = 3)
MST-7x1.0	cluster_81	14	sample_0010,sample_0081,sample_0312,sample_0386,sample_0444,sample_0445,sample_0460,sample_0462,sample_0468,sample_0476,sample_0500,sample_0516,sample_0556,sample_0634	clinical (100.0%) (n = 14)	3	C (50.0%), B (28.6%), A (21.4%) (n = 14)	9	B4 (21.4%), B2 (14.3%), B1 (14.3%), B7 (14.3%), A6 (7.1%), A9 (7.1%), A4 (7.1%), EMPTY (7.1%), B3 (7.1%) (n = 14)	2009-03-22	2021-02-09	4342	1 (100.0%) (n = 14)
MST-7x1.0	cluster_12	5	sample_0123,sample_0203,sample_0204,sample_0354,sample_0367	clinical (60.0%), food (40.0%) (n = 5)	3	C (60.0%), B (20.0%), A (20.0%) (n = 5)	4	B4 (40.0%), B6 (20.0%), A3 (20.0%), B1 (20.0%) (n = 5)	2014-01-24	2019-04-06	1898	9 (100.0%) (n = 5)
MST-7x1.0	cluster_17	2	sample_0295,sample_0309	clinical (100.0%) (n = 2)	2	C (50.0%), A (50.0%) (n = 2)	2	B7 (50.0%), A9 (50.0%) (n = 2)	2015-02-25	2015-05-21	85	6 (100.0%) (n = 2)
MST-7x1.0	cluster_34	4	sample_0215,sample_0220,sample_0222,sample_0240	clinical (100.0%) (n = 4)	3	C (50.0%), B (25.0%), A (25.0%) (n = 4)	3	EMPTY (50.0%), A4 (25.0%), B2 (25.0%) (n = 4)	2017-03-09	2017-12-07	273	26 (100.0%) (n = 4)
MST-7x1.0	cluster_30	7	sample_0279,sample_0654,sample_0739,sample_0749,sample_0750,sample_0758,sample_0783	food (85.7%), clinical (14.3%) (n = 7)	3	B (42.9%), C (28.6%), A (28.6%) (n = 7)	7	B6 (14.3%), B2 (14.3%), A1 (14.3%), A2 (14.3%), B5 (14.3%), B3 (14.3%), B1 (14.3%) (n = 7)	2012-01-01	2015-09-23	1361	1 (100.0%) (n = 7)
MST-7x1.0	cluster_76	2	sample_0449,sample_0764	clinical (100.0%) (n = 2)	2	B (50.0%), A (50.0%) (n = 2)	2	B6 (50.0%), A6 (50.0%) (n = 2)	2011-09-16	2012-01-01	107	1 (100.0%) (n = 2)
MST-7x1.0	cluster_33	2	sample_0496,sample_0508	clinical (100.0%) (n = 2)	1	A (100.0%) (n = 2)	2	A6 (50.0%), EMPTY (50.0%) (n = 2)	2010-08-15	2010-11-27	104	2 (100.0%) (n = 2)
MST-7x1.0	cluster_89	2	sample_0076,sample_0248	clinical (100.0%) (n = 2)	2	B (50.0%), A (50.0%) (n = 2)	2	A6 (50.0%), B3 (50.0%) (n = 2)	2016-11-08	2020-05-26	1295	378 (100.0%) (n = 2)
MST-7x1.0	cluster_104	2	sample_0025,sample_0151	clinical (100.0%) (n = 2)	1	A (100.0%) (n = 2)	2	A1 (50.0%), A9 (50.0%) (n = 2)	2019-07-01	2021-02-06	586	3 (100.0%) (n = 2)
MST-7x1.0	cluster_39	3	sample_0284,sample_0353,sample_0365	clinical (100.0%) (n = 3)	1	B (100.0%) (n = 3)	3	B6 (33.3%), B2 (33.3%), B7 (33.3%) (n = 3)	2014-02-16	2015-07-18	517	8 (100.0%) (n = 3)
MST-7x1.0	cluster_106	33	sample_0017,sample_0037,sample_0094,sample_0132,sample_0146,sample_0179,sample_0194,sample_0211,sample_0228,sample_0250,sample_0286,sample_0292,sample_0419,sample_0422,sample_0441,sample_0442,sample_0447,sample_0464,sample_0484,sample_0531,sample_0564,sample_0567,sample_0568,sample_0569,sample_0570,sample_0571,sample_0572,sample_0573,sample_0575,sample_0578,sample_0604,sample_0618,sample_0619	clinical (63.6%), food (36.4%) (n = 33)	3	C (42.4%), B (30.3%), A (27.3%) (n = 33)	13	B3 (15.2%), B4 (12.1%), B1 (12.1%), B6 (9.1%), EMPTY (9.1%), B5 (9.1%), A1 (6.1%), B7 (6.1%), A2 (6.1%), A8 (6.1%), A6 (3.0%), B2 (3.0%), A3 (3.0%) (n = 33)	2004-03-30	2021-07-14	6315	87 (100.0%) (n = 33)
MST-7x1.0	cluster_117	2	sample_0153,sample_0154	clinical (100.0%) (n = 2)	2	C (50.0%), A (50.0%) (n = 2)	2	B3 (50.0%), A2 (50.0%) (n = 2)	2018-12-29	2018-12-29	0	382 (100.0%) (n = 2)
MST-7x1.0	cluster_111	2	sample_0301,sample_0376	clinical (50.0%), food (50.0%) (n = 2)	1	A (100.0%) (n = 2)	2	A1 (50.0%), A6 (50.0%) (n = 2)	2013-05-11	2015-04-27	716	6 (50.0%), na (50.0%) (n = 2)
MST-7x1.0	cluster_62	4	sample_0267,sample_0319,sample_0335,sample_0391	clinical (100.0%) (n = 4)	3	A (50.0%), C (25.0%), B (25.0%) (n = 4)	4	A1 (25.0%), A7 (25.0%), B1 (25.0%), EMPTY (25.0%) (n = 4)	2013-09-04	2015-12-31	848	1 (100.0%) (n = 4)
MST-7x1.0	cluster_110	2	sample_0538,sample_0539	clinical (100.0%) (n = 2)	2	B (50.0%), A (50.0%) (n = 2)	2	B4 (50.0%), EMPTY (50.0%) (n = 2)	2010-01-27	2010-01-27	0	87 (100.0%) (n = 2)
MST-7x1.0	cluster_31	2	sample_0369,sample_0374	clinical (100.0%) (n = 2)	2	C (50.0%), B (50.0%) (n = 2)	2	B5 (50.0%), B3 (50.0%) (n = 2)	2013-11-27	2014-01-21	55	2 (100.0%) (n = 2)
MST-7x1.0	cluster_96	3	sample_0303,sample_0482,sample_0674	clinical (33.3%), environmental (33.3%), food (33.3%) (n = 3)	2	B (66.7%), C (33.3%) (n = 3)	3	B5 (33.3%), B1 (33.3%), B4 (33.3%) (n = 3)	2011-02-25	2015-04-24	1519	8 (100.0%) (n = 3)
MST-7x1.0	cluster_86	2	sample_0317,sample_0318	food (100.0%) (n = 2)	2	C (50.0%), B (50.0%) (n = 2)	1	B2 (100.0%) (n = 2)	2015-01-16	2015-01-16	0	1 (100.0%) (n = 2)
MST-7x1.0	cluster_44	2	sample_0172,sample_0174	clinical (100.0%) (n = 2)	2	C (50.0%), A (50.0%) (n = 2)	2	A8 (50.0%), B2 (50.0%) (n = 2)	2018-07-25	2018-07-28	3	378 (100.0%) (n = 2)
MST-7x1.0	cluster_24	4	sample_0601,sample_0746,sample_0757,sample_0799	food (100.0%) (n = 4)	3	C (50.0%), B (25.0%), A (25.0%) (n = 4)	4	EMPTY (25.0%), B1 (25.0%), B7 (25.0%), A2 (25.0%) (n = 4)	2012-01-01	2018-01-01	2192	2 (75.0%), na (25.0%) (n = 4)
MST-7x1.0	cluster_83	2	sample_0074,sample_0315	clinical (100.0%) (n = 2)	2	B (50.0%), A (50.0%) (n = 2)	2	A6 (50.0%), B1 (50.0%) (n = 2)	2015-01-20	2020-03-06	1872	3 (100.0%) (n = 2)
MST-7x1.0	cluster_87	2	sample_0414,sample_0417	food (100.0%) (n = 2)	2	B (50.0%), A (50.0%) (n = 2)	2	B4 (50.0%), EMPTY (50.0%) (n = 2)	2012-03-12	2012-03-12	0	20 (100.0%) (n = 2)
MST-7x1.0	cluster_11	7	sample_0046,sample_0048,sample_0263,sample_0264,sample_0311,sample_0774,sample_0838	clinical (71.4%), food (28.6%) (n = 7)	3	B (42.9%), C (28.6%), A (28.6%) (n = 7)	3	EMPTY (57.1%), A6 (28.6%), B1 (14.3%) (n = 7)	2010-01-01	2020-07-09	3842	14 (100.0%) (n = 7)
MST-7x1.0	cluster_112	2	sample_0299,sample_0371	clinical (50.0%), food (50.0%) (n = 2)	1	B (100.0%) (n = 2)	1	B4 (100.0%) (n = 2)	2014-01-13	2015-03-05	416	na (50.0%), 29 (50.0%) (n = 2)
MST-7x1.0	cluster_90	2	sample_0035,sample_0450	clinical (100.0%) (n = 2)	2	C (50.0%), B (50.0%) (n = 2)	2	B6 (50.0%), B4 (50.0%) (n = 2)	2011-09-13	2021-05-02	3519	6 (100.0%) (n = 2)
MST-7x1.0	cluster_3	2	sample_0334,sample_0397	clinical (100.0%) (n = 2)	1	A (100.0%) (n = 2)	2	A3 (50.0%), A2 (50.0%) (n = 2)	2013-12-03	2014-05-10	158	1 (100.0%) (n = 2)
MST-7x1.0	cluster_29	3	sample_0032,sample_0293,sample_0655	clinical (66.7%), food (33.3%) (n = 3)	2	B (66.7%), A (33.3%) (n = 3)	3	A3 (33.3%), B3 (33.3%), B2 (33.3%) (n = 3)	2015-01-01	2021-03-23	2273	1 (100.0%) (n = 3)
MST-7x1.0	cluster_66	2	sample_0415,sample_0416	food (100.0%) (n = 2)	1	B (100.0%) (n = 2)	2	B2 (50.0%), B3 (50.0%) (n = 2)	2012-03-12	2012-03-12	0	155 (100.0%) (n = 2)
MST-7x1.0	cluster_41	2	sample_0671,sample_0843	food (100.0%) (n = 2)	2	C (50.0%), B (50.0%) (n = 2)	2	B1 (50.0%), EMPTY (50.0%) (n = 2)	2010-01-01	2015-01-01	1826	9 (100.0%) (n = 2)
MST-7x1.0	cluster_50	2	sample_0351,sample_0362	clinical (100.0%) (n = 2)	2	C (50.0%), B (50.0%) (n = 2)	2	B5 (50.0%), B1 (50.0%) (n = 2)	2014-02-25	2014-03-20	23	1 (100.0%) (n = 2)
MST-7x1.0	cluster_120	2	sample_0344,sample_0345	food (100.0%) (n = 2)	2	C (50.0%), B (50.0%) (n = 2)	1	B3 (100.0%) (n = 2)	2014-08-05	2014-11-05	92	8 (100.0%) (n = 2)
MST-7x1.0	cluster_124	2	sample_0096,sample_0097	clinical (100.0%) (n = 2)	2	C (50.0%), A (50.0%) (n = 2)	2	A3 (50.0%), EMPTY (50.0%) (n = 2)	2019-10-11	2019-10-11	0	9 (100.0%) (n = 2)
MST-7x1.0	cluster_15	2	sample_0438,sample_0439	clinical (100.0%) (n = 2)	2	C (50.0%), A (50.0%) (n = 2)	2	A7 (50.0%), B2 (50.0%) (n = 2)	2012-04-09	2012-04-09	0	6 (100.0%) (n = 2)
MST-7x1.0	cluster_57	2	sample_0558,sample_0559	clinical (100.0%) (n = 2)	2	C (50.0%), A (50.0%) (n = 2)	2	A7 (50.0%), B2 (50.0%) (n = 2)	2009-09-02	2009-09-02	0	3 (100.0%) (n = 2)
MST-7x1.0	cluster_42	7	sample_0322,sample_0423,sample_0424,sample_0425,sample_0426,sample_0427,sample_0721	food (71.4%), clinical (28.6%) (n = 7)	3	C (42.9%), B (28.6%), A (28.6%) (n = 7)	7	B6 (14.3%), A3 (14.3%), EMPTY (14.3%), B7 (14.3%), A2 (14.3%), B5 (14.3%), B3 (14.3%) (n = 7)	2012-11-14	2014-04-12	514	1 (100.0%) (n = 7)
MST-7x1.0	cluster_36	2	sample_0316,sample_0370	clinical (100.0%) (n = 2)	2	C (50.0%), A (50.0%) (n = 2)	2	A4 (50.0%), B1 (50.0%) (n = 2)	2014-01-13	2015-01-20	372	200 (100.0%) (n = 2)
MST-7x1.0	cluster_98	2	sample_0477,sample_0818	clinical (100.0%) (n = 2)	1	C (100.0%) (n = 2)	2	B7 (50.0%), B4 (50.0%) (n = 2)	2011-01-01	2011-07-03	183	2 (100.0%) (n = 2)
MST-7x1.0	cluster_67	2	sample_0727,sample_0815	food (100.0%) (n = 2)	2	C (50.0%), B (50.0%) (n = 2)	2	B6 (50.0%), B1 (50.0%) (n = 2)	2011-01-01	2014-01-01	1096	9 (100.0%) (n = 2)
MST-7x1.0	cluster_52	2	sample_0169,sample_0210	clinical (100.0%) (n = 2)	2	C (50.0%), A (50.0%) (n = 2)	2	B6 (50.0%), A7 (50.0%) (n = 2)	2017-10-18	2018-07-09	264	2 (100.0%) (n = 2)
MST-7x1.0	cluster_4	7	sample_0507,sample_0510,sample_0515,sample_0548,sample_0550,sample_0646,sample_0779	clinical (57.1%), food (42.9%) (n = 7)	3	C (42.9%), B (28.6%), A (28.6%) (n = 7)	7	B2 (14.3%), A4 (14.3%), B4 (14.3%), A1 (14.3%), B7 (14.3%), B5 (14.3%), B1 (14.3%) (n = 7)	2009-12-13	2016-01-01	2210	1 (100.0%) (n = 7)
MST-7x1.0	cluster_99	2	sample_0225,sample_0767	clinical (50.0%), food (50.0%) (n = 2)	2	C (50.0%), A (50.0%) (n = 2)	2	B3 (50.0%), A9 (50.0%) (n = 2)	2012-01-01	2017-06-25	2002	378 (100.0%) (n = 2)
MST-7x1.0	cluster_65	37	sample_0323,sample_0478,sample_0485,sample_0490,sample_0497,sample_0498,sample_0501,sample_0503,sample_0504,sample_0512,sample_0518,sample_0519,sample_0520,sample_0523,sample_0525,sample_0526,sample_0527,sample_0528,sample_0529,sample_0530,sample_0532,sample_0534,sample_0535,sample_0541,sample_0542,sample_0543,sample_0544,sample_0545,sample_0712,sample_0805,sample_0813,sample_0814,sample_0820,sample_0826,sample_0845,sample_0852,sample_0859	clinical (86.5%), food (13.5%) (n = 37)	3	B (37.8%), A (35.1%), C (27.0%) (n = 37)	17	EMPTY (16.2%), B6 (13.5%), B2 (10.8%), B5 (10.8%), B7 (8.1%), A6 (5.4%), A4 (5.4%), A1 (5.4%), A7 (2.7%), A9 (2.7%), A3 (2.7%), B1 (2.7%), A5 (2.7%), A2 (2.7%), A8 (2.7%), B3 (2.7%), B4 (2.7%) (n = 37)	2009-01-01	2014-11-27	2156	388 (100.0%) (n = 37)
MST-7x1.0	cluster_49	2	sample_0740,sample_0782	food (100.0%) (n = 2)	2	B (50.0%), A (50.0%) (n = 2)	2	B5 (50.0%), A2 (50.0%) (n = 2)	2012-01-01	2013-01-01	366	1 (100.0%) (n = 2)
MST-7x1.0	cluster_55	3	sample_0689,sample_0708,sample_0723	clinical (100.0%) (n = 3)	3	C (33.3%), B (33.3%), A (33.3%) (n = 3)	2	B2 (66.7%), A1 (33.3%) (n = 3)	2014-01-01	2014-01-01	0	1 (100.0%) (n = 3)
MST-7x1.0	cluster_9	4	sample_0401,sample_0784,sample_0785,sample_0786	food (100.0%) (n = 4)	2	B (75.0%), C (25.0%) (n = 4)	4	B5 (25.0%), B1 (25.0%), B7 (25.0%), EMPTY (25.0%) (n = 4)	2012-01-01	2013-12-03	702	121 (100.0%) (n = 4)
MST-7x1.0	cluster_115	2	sample_0341,sample_0406	clinical (100.0%) (n = 2)	2	B (50.0%), A (50.0%) (n = 2)	2	B2 (50.0%), A6 (50.0%) (n = 2)	2013-04-02	2014-06-23	447	4 (100.0%) (n = 2)
MST-7x1.0	cluster_82	5	sample_0177,sample_0338,sample_0487,sample_0488,sample_0690	clinical (100.0%) (n = 5)	3	B (40.0%), A (40.0%), C (20.0%) (n = 5)	4	B3 (40.0%), A3 (20.0%), B1 (20.0%), A2 (20.0%) (n = 5)	2011-01-26	2018-07-13	2725	1 (60.0%), na (40.0%) (n = 5)
MST-7x1.0	cluster_80	18	sample_0235,sample_0257,sample_0611,sample_0615,sample_0699,sample_0730,sample_0733,sample_0743,sample_0745,sample_0747,sample_0753,sample_0755,sample_0756,sample_0772,sample_0798,sample_0816,sample_0851,sample_0864	food (88.9%), clinical (11.1%) (n = 18)	3	C (33.3%), B (33.3%), A (33.3%) (n = 18)	11	B6 (27.8%), A9 (11.1%), EMPTY (11.1%), B7 (11.1%), B2 (5.6%), A4 (5.6%), B4 (5.6%), A1 (5.6%), A5 (5.6%), A8 (5.6%), B1 (5.6%) (n = 18)	2009-01-01	2017-08-05	3138	121 (100.0%) (n = 18)
MST-7x1.0	cluster_77	3	sample_0028,sample_0166,sample_0180	clinical (100.0%) (n = 3)	2	A (66.7%), C (33.3%) (n = 3)	3	A1 (33.3%), B7 (33.3%), EMPTY (33.3%) (n = 3)	2018-01-10	2021-05-05	1211	7 (100.0%) (n = 3)
MST-7x1.0	cluster_69	2	sample_0398,sample_0400	food (100.0%) (n = 2)	2	B (50.0%), A (50.0%) (n = 2)	2	B6 (50.0%), A4 (50.0%) (n = 2)	2013-12-03	2013-12-03	0	121 (100.0%) (n = 2)
MST-7x1.0	cluster_6	2	sample_0432,sample_0433	food (100.0%) (n = 2)	2	B (50.0%), A (50.0%) (n = 2)	2	A5 (50.0%), B1 (50.0%) (n = 2)	2012-10-18	2012-10-18	0	1 (100.0%) (n = 2)
MST-7x1.0	cluster_56	2	sample_0361,sample_0620	environmental (50.0%), food (50.0%) (n = 2)	1	C (100.0%) (n = 2)	2	B4 (50.0%), EMPTY (50.0%) (n = 2)	2014-05-03	2017-01-01	974	na (100.0%) (n = 2)
MST-7x1.0	cluster_35	2	sample_0066,sample_0067	clinical (100.0%) (n = 2)	2	B (50.0%), A (50.0%) (n = 2)	2	A3 (50.0%), B7 (50.0%) (n = 2)	2020-06-25	2020-06-25	0	219 (100.0%) (n = 2)
MST-7x1.0	cluster_85	2	sample_0522,sample_0836	clinical (50.0%), food (50.0%) (n = 2)	2	C (50.0%), B (50.0%) (n = 2)	2	B6 (50.0%), B7 (50.0%) (n = 2)	2010-01-01	2010-05-30	149	2 (100.0%) (n = 2)
MST-7x1.0	cluster_22	5	sample_0125,sample_0582,sample_0588,sample_0595,sample_0599	food (100.0%) (n = 5)	3	C (40.0%), B (40.0%), A (20.0%) (n = 5)	4	B3 (40.0%), B7 (20.0%), A5 (20.0%), B2 (20.0%) (n = 5)	2019-01-01	2019-05-21	140	155 (100.0%) (n = 5)
MST-7x1.0	cluster_103	4	sample_0110,sample_0139,sample_0437,sample_0440	clinical (100.0%) (n = 4)	2	B (75.0%), A (25.0%) (n = 4)	4	A7 (25.0%), B5 (25.0%), B2 (25.0%), B3 (25.0%) (n = 4)	2012-08-22	2019-07-08	2511	382 (100.0%) (n = 4)
MST-7x1.0	cluster_84	2	sample_0202,sample_0479	clinical (100.0%) (n = 2)	2	B (50.0%), A (50.0%) (n = 2)	2	A8 (50.0%), EMPTY (50.0%) (n = 2)	2011-04-03	2018-01-23	2487	4 (100.0%) (n = 2)
MST-7x1.0	cluster_21	3	sample_0276,sample_0631,sample_0648	food (100.0%) (n = 3)	2	A (66.7%), C (33.3%) (n = 3)	3	A3 (33.3%), A6 (33.3%), B7 (33.3%) (n = 3)	2015-10-30	2016-01-01	63	121 (100.0%) (n = 3)
MST-7x1.0	cluster_75	7	sample_0656,sample_0669,sample_0684,sample_0715,sample_0748,sample_0809,sample_0862	food (100.0%) (n = 7)	3	B (42.9%), C (28.6%), A (28.6%) (n = 7)	5	B1 (42.9%), A4 (14.3%), A5 (14.3%), B7 (14.3%), B5 (14.3%) (n = 7)	2009-01-01	2015-01-01	2191	2 (100.0%) (n = 7)
MST-7x1.0	cluster_60	3	sample_0713,sample_0751,sample_0769	food (100.0%) (n = 3)	2	B (66.7%), A (33.3%) (n = 3)	3	A1 (33.3%), B7 (33.3%), B4 (33.3%) (n = 3)	2012-01-01	2014-01-01	731	1 (100.0%) (n = 3)
MST-7x1.0	cluster_72	2	sample_0842,sample_0849	food (100.0%) (n = 2)	2	C (50.0%), A (50.0%) (n = 2)	2	A7 (50.0%), B7 (50.0%) (n = 2)	2009-01-01	2010-01-01	365	2 (100.0%) (n = 2)
MST-7x1.0	cluster_1	12	sample_0629,sample_0637,sample_0638,sample_0639,sample_0644,sample_0647,sample_0651,sample_0652,sample_0658,sample_0659,sample_0667,sample_0679	food (100.0%) (n = 12)	3	A (41.7%), B (33.3%), C (25.0%) (n = 12)	10	B6 (16.7%), B5 (16.7%), A7 (8.3%), A6 (8.3%), A9 (8.3%), A4 (8.3%), EMPTY (8.3%), B7 (8.3%), B3 (8.3%), B4 (8.3%) (n = 12)	2015-01-01	2016-01-01	365	7 (100.0%) (n = 12)
MST-7x1.0	cluster_7	3	sample_0827,sample_0835,sample_0841	food (100.0%) (n = 3)	3	C (33.3%), B (33.3%), A (33.3%) (n = 3)	2	B6 (66.7%), A7 (33.3%) (n = 3)	2010-01-01	2010-01-01	0	1 (100.0%) (n = 3)
MST-7x1.0	cluster_54	3	sample_0054,sample_0056,sample_0643	clinical (100.0%) (n = 3)	2	C (66.7%), A (33.3%) (n = 3)	2	B2 (66.7%), A9 (33.3%) (n = 3)	2016-01-01	2020-08-13	1686	87 (100.0%) (n = 3)
MST-7x1.0	cluster_32	2	sample_0209,sample_0213	clinical (100.0%) (n = 2)	2	C (50.0%), B (50.0%) (n = 2)	2	B6 (50.0%), B7 (50.0%) (n = 2)	2017-09-22	2017-11-24	63	1 (100.0%) (n = 2)
MST-7x1.0	cluster_128	2	sample_0404,sample_0549	clinical (100.0%) (n = 2)	1	B (100.0%) (n = 2)	1	B7 (100.0%) (n = 2)	2009-12-13	2013-10-02	1389	101 (100.0%) (n = 2)
MST-7x1.0	cluster_20	2	sample_0049,sample_0052	clinical (100.0%) (n = 2)	1	A (100.0%) (n = 2)	2	A8 (50.0%), A7 (50.0%) (n = 2)	2020-03-09	2020-08-19	163	37 (100.0%) (n = 2)
MST-7x1.0	cluster_48	3	sample_0373,sample_0378,sample_0388	clinical (100.0%) (n = 3)	2	A (66.7%), C (33.3%) (n = 3)	3	B6 (33.3%), A5 (33.3%), EMPTY (33.3%) (n = 3)	2013-04-22	2013-12-18	240	2 (100.0%) (n = 3)
MST-7x1.0	cluster_45	2	sample_0252,sample_0605	clinical (50.0%), food (50.0%) (n = 2)	1	C (100.0%) (n = 2)	2	B1 (50.0%), B4 (50.0%) (n = 2)	2016-06-15	2018-01-01	565	1 (100.0%) (n = 2)
MST-7x1.0	cluster_100	2	sample_0358,sample_0710	food (100.0%) (n = 2)	1	B (100.0%) (n = 2)	2	B7 (50.0%), B4 (50.0%) (n = 2)	2014-01-01	2014-05-03	122	9 (100.0%) (n = 2)
MST-7x1.0	cluster_5	4	sample_0697,sample_0711,sample_0738,sample_0759	food (100.0%) (n = 4)	3	A (50.0%), C (25.0%), B (25.0%) (n = 4)	4	B5 (25.0%), B2 (25.0%), EMPTY (25.0%), A9 (25.0%) (n = 4)	2013-01-01	2014-01-01	365	1 (100.0%) (n = 4)
MST-7x1.0	cluster_73	2	sample_0339,sample_0517	clinical (100.0%) (n = 2)	2	C (50.0%), A (50.0%) (n = 2)	2	A3 (50.0%), B1 (50.0%) (n = 2)	2010-12-06	2014-07-17	1319	2 (100.0%) (n = 2)
MST-7x1.0	cluster_46	11	sample_0124,sample_0126,sample_0127,sample_0583,sample_0584,sample_0586,sample_0587,sample_0589,sample_0590,sample_0592,sample_0596	food (81.8%), clinical (18.2%) (n = 11)	3	A (54.5%), B (27.3%), C (18.2%) (n = 11)	10	B4 (18.2%), A7 (9.1%), B2 (9.1%), A6 (9.1%), A9 (9.1%), A3 (9.1%), EMPTY (9.1%), B7 (9.1%), A2 (9.1%), B5 (9.1%) (n = 11)	2019-01-01	2019-05-21	140	1 (100.0%) (n = 11)
MST-7x1.0	cluster_97	2	sample_0065,sample_0198	clinical (100.0%) (n = 2)	2	C (50.0%), B (50.0%) (n = 2)	2	B6 (50.0%), B2 (50.0%) (n = 2)	2018-02-25	2020-07-07	863	2 (100.0%) (n = 2)
MST-7x1.0	cluster_37	2	sample_0224,sample_0230	clinical (100.0%) (n = 2)	1	B (100.0%) (n = 2)	2	B5 (50.0%), B3 (50.0%) (n = 2)	2017-06-30	2017-11-06	129	378 (100.0%) (n = 2)
MST-7x1.0	cluster_19	2	sample_0118,sample_0119	clinical (100.0%) (n = 2)	2	B (50.0%), A (50.0%) (n = 2)	1	EMPTY (100.0%) (n = 2)	2019-06-21	2019-06-21	0	7 (100.0%) (n = 2)
MST-7x1.0	cluster_108	2	sample_0624,sample_0642	clinical (100.0%) (n = 2)	2	C (50.0%), A (50.0%) (n = 2)	2	B1 (50.0%), A9 (50.0%) (n = 2)	2016-01-01	2016-01-01	0	1 (100.0%) (n = 2)
MST-7x1.0	cluster_126	2	sample_0333,sample_0407	clinical (100.0%) (n = 2)	2	C (50.0%), B (50.0%) (n = 2)	2	B7 (50.0%), EMPTY (50.0%) (n = 2)	2013-01-31	2014-10-15	622	217 (100.0%) (n = 2)
MST-7x1.0	cluster_13	4	sample_0281,sample_0283,sample_0675,sample_0687	clinical (50.0%), food (50.0%) (n = 4)	3	B (50.0%), C (25.0%), A (25.0%) (n = 4)	4	B6 (25.0%), A5 (25.0%), B5 (25.0%), B4 (25.0%) (n = 4)	2015-01-01	2015-08-15	226	na (100.0%) (n = 4)
MST-7x1.0	cluster_40	2	sample_0326,sample_0383	clinical (100.0%) (n = 2)	2	B (50.0%), A (50.0%) (n = 2)	2	B5 (50.0%), A9 (50.0%) (n = 2)	2013-06-19	2014-03-11	265	155 (100.0%) (n = 2)
MST-7x1.0	cluster_109	2	sample_0026,sample_0251	clinical (100.0%) (n = 2)	1	B (100.0%) (n = 2)	2	B1 (50.0%), B4 (50.0%) (n = 2)	2016-06-25	2021-05-22	1792	6 (100.0%) (n = 2)
MST-7x1.0	cluster_8	3	sample_0765,sample_0777,sample_0790	clinical (100.0%) (n = 3)	3	C (33.3%), B (33.3%), A (33.3%) (n = 3)	2	EMPTY (66.7%), A7 (33.3%) (n = 3)	2012-01-01	2012-01-01	0	1 (100.0%) (n = 3)
MST-7x1.0	cluster_105	2	sample_0144,sample_0453	clinical (100.0%) (n = 2)	1	C (100.0%) (n = 2)	2	B7 (50.0%), EMPTY (50.0%) (n = 2)	2011-08-09	2019-02-19	2751	1 (100.0%) (n = 2)
MST-14x1.0	cluster_63	2	sample_0202,sample_0479	clinical (100.0%) (n = 2)	2	B (50.0%), A (50.0%) (n = 2)	2	A8 (50.0%), EMPTY (50.0%) (n = 2)	2011-04-03	2018-01-23	2487	4 (100.0%) (n = 2)
MST-14x1.0	cluster_78	3	sample_0160,sample_0282,sample_0607	clinical (100.0%) (n = 3)	2	A (66.7%), C (33.3%) (n = 3)	2	A4 (66.7%), B6 (33.3%) (n = 3)	2015-04-08	2018-11-14	1316	1 (66.7%), na (33.3%) (n = 3)
MST-14x1.0	cluster_26	4	sample_0215,sample_0220,sample_0222,sample_0240	clinical (100.0%) (n = 4)	3	C (50.0%), B (25.0%), A (25.0%) (n = 4)	3	EMPTY (50.0%), A4 (25.0%), B2 (25.0%) (n = 4)	2017-03-09	2017-12-07	273	26 (100.0%) (n = 4)
MST-14x1.0	cluster_93	32	sample_0235,sample_0257,sample_0266,sample_0611,sample_0615,sample_0645,sample_0649,sample_0695,sample_0699,sample_0700,sample_0718,sample_0725,sample_0728,sample_0730,sample_0731,sample_0732,sample_0733,sample_0743,sample_0745,sample_0747,sample_0753,sample_0755,sample_0756,sample_0760,sample_0763,sample_0772,sample_0788,sample_0798,sample_0816,sample_0851,sample_0856,sample_0864	food (90.6%), clinical (9.4%) (n = 32)	3	C (43.8%), B (31.2%), A (25.0%) (n = 32)	14	B6 (21.9%), B4 (12.5%), EMPTY (9.4%), B7 (9.4%), B3 (9.4%), B2 (6.2%), A9 (6.2%), B1 (6.2%), A7 (3.1%), A4 (3.1%), A1 (3.1%), A5 (3.1%), A2 (3.1%), A8 (3.1%) (n = 32)	2009-01-01	2017-08-05	3138	121 (100.0%) (n = 32)
MST-14x1.0	cluster_38	2	sample_0351,sample_0362	clinical (100.0%) (n = 2)	2	C (50.0%), B (50.0%) (n = 2)	2	B5 (50.0%), B1 (50.0%) (n = 2)	2014-02-25	2014-03-20	23	1 (100.0%) (n = 2)
MST-14x1.0	cluster_51	2	sample_0415,sample_0416	food (100.0%) (n = 2)	1	B (100.0%) (n = 2)	2	B2 (50.0%), B3 (50.0%) (n = 2)	2012-03-12	2012-03-12	0	155 (100.0%) (n = 2)
MST-14x1.0	cluster_23	2	sample_0369,sample_0374	clinical (100.0%) (n = 2)	2	C (50.0%), B (50.0%) (n = 2)	2	B5 (50.0%), B3 (50.0%) (n = 2)	2013-11-27	2014-01-21	55	2 (100.0%) (n = 2)
MST-14x1.0	cluster_61	6	sample_0177,sample_0338,sample_0487,sample_0488,sample_0628,sample_0690	clinical (83.3%), food (16.7%) (n = 6)	3	A (50.0%), B (33.3%), C (16.7%) (n = 6)	4	A3 (33.3%), B3 (33.3%), B1 (16.7%), A2 (16.7%) (n = 6)	2011-01-26	2018-07-13	2725	1 (66.7%), na (33.3%) (n = 6)
MST-14x1.0	cluster_14	2	sample_0384,sample_0385	clinical (100.0%) (n = 2)	2	C (50.0%), B (50.0%) (n = 2)	1	EMPTY (100.0%) (n = 2)	2013-06-19	2013-06-19	0	217 (100.0%) (n = 2)
MST-14x1.0	cluster_95	2	sample_0058,sample_0176	clinical (100.0%) (n = 2)	2	B (50.0%), A (50.0%) (n = 2)	2	B3 (50.0%), EMPTY (50.0%) (n = 2)	2018-07-20	2020-07-30	741	217 (100.0%) (n = 2)
MST-14x1.0	cluster_101	4	sample_0076,sample_0225,sample_0248,sample_0767	clinical (75.0%), food (25.0%) (n = 4)	3	A (50.0%), C (25.0%), B (25.0%) (n = 4)	3	B3 (50.0%), A6 (25.0%), A9 (25.0%) (n = 4)	2012-01-01	2020-05-26	3068	378 (100.0%) (n = 4)
MST-14x1.0	cluster_53	2	sample_0099,sample_0113	clinical (100.0%) (n = 2)	2	C (50.0%), B (50.0%) (n = 2)	2	B6 (50.0%), B1 (50.0%) (n = 2)	2019-10-27	2019-11-07	11	1 (100.0%) (n = 2)
MST-14x1.0	cluster_113	2	sample_0096,sample_0097	clinical (100.0%) (n = 2)	2	C (50.0%), A (50.0%) (n = 2)	2	A3 (50.0%), EMPTY (50.0%) (n = 2)	2019-10-11	2019-10-11	0	9 (100.0%) (n = 2)
MST-14x1.0	cluster_64	2	sample_0522,sample_0836	clinical (50.0%), food (50.0%) (n = 2)	2	C (50.0%), B (50.0%) (n = 2)	2	B6 (50.0%), B7 (50.0%) (n = 2)	2010-01-01	2010-05-30	149	2 (100.0%) (n = 2)
MST-14x1.0	cluster_71	5	sample_0013,sample_0143,sample_0233,sample_0234,sample_0238	clinical (100.0%) (n = 5)	3	B (40.0%), A (40.0%), C (20.0%) (n = 5)	3	B6 (40.0%), EMPTY (40.0%), A5 (20.0%) (n = 5)	2017-03-24	2021-02-08	1417	6 (100.0%) (n = 5)
MST-14x1.0	cluster_59	2	sample_0449,sample_0764	clinical (100.0%) (n = 2)	2	B (50.0%), A (50.0%) (n = 2)	2	B6 (50.0%), A6 (50.0%) (n = 2)	2011-09-16	2012-01-01	107	1 (100.0%) (n = 2)
MST-14x1.0	cluster_10	4	sample_0356,sample_0403,sample_0431,sample_0775	food (100.0%) (n = 4)	3	A (50.0%), C (25.0%), B (25.0%) (n = 4)	3	EMPTY (50.0%), B6 (25.0%), A7 (25.0%) (n = 4)	2012-01-01	2014-05-03	853	9 (100.0%) (n = 4)
MST-14x1.0	cluster_18	5	sample_0125,sample_0582,sample_0588,sample_0595,sample_0599	food (100.0%) (n = 5)	3	C (40.0%), B (40.0%), A (20.0%) (n = 5)	4	B3 (40.0%), B7 (20.0%), A5 (20.0%), B2 (20.0%) (n = 5)	2019-01-01	2019-05-21	140	155 (100.0%) (n = 5)
MST-14x1.0	cluster_58	4	sample_0147,sample_0256,sample_0349,sample_0463	clinical (100.0%) (n = 4)	2	C (50.0%), A (50.0%) (n = 4)	4	A7 (25.0%), A5 (25.0%), B5 (25.0%), B1 (25.0%) (n = 4)	2011-06-21	2019-10-02	3025	2 (100.0%) (n = 4)
MST-14x1.0	cluster_102	34	sample_0001,sample_0021,sample_0038,sample_0053,sample_0063,sample_0071,sample_0072,sample_0078,sample_0079,sample_0133,sample_0134,sample_0138,sample_0175,sample_0186,sample_0200,sample_0206,sample_0216,sample_0219,sample_0237,sample_0244,sample_0246,sample_0265,sample_0267,sample_0296,sample_0319,sample_0335,sample_0391,sample_0393,sample_0448,sample_0451,sample_0513,sample_0606,sample_0623,sample_0839	clinical (97.1%), food (2.9%) (n = 34)	3	C (41.2%), A (35.3%), B (23.5%) (n = 34)	14	EMPTY (14.7%), B3 (11.8%), B2 (8.8%), A1 (8.8%), B7 (8.8%), B5 (8.8%), B6 (5.9%), A7 (5.9%), A9 (5.9%), A2 (5.9%), B1 (5.9%), A3 (2.9%), B4 (2.9%), A5 (2.9%) (n = 34)	2010-01-01	2021-11-21	4342	1 (97.1%), na (2.9%) (n = 34)
MST-14x1.0	cluster_107	12	sample_0014,sample_0284,sample_0303,sample_0352,sample_0353,sample_0355,sample_0365,sample_0482,sample_0576,sample_0594,sample_0664,sample_0674	clinical (66.7%), food (25.0%), environmental (8.3%) (n = 12)	3	B (58.3%), C (25.0%), A (16.7%) (n = 12)	9	B2 (25.0%), B5 (16.7%), B6 (8.3%), A9 (8.3%), EMPTY (8.3%), B4 (8.3%), B7 (8.3%), A8 (8.3%), B1 (8.3%) (n = 12)	2004-04-13	2021-07-29	6316	8 (100.0%) (n = 12)
MST-14x1.0	cluster_43	2	sample_0361,sample_0620	environmental (50.0%), food (50.0%) (n = 2)	1	C (100.0%) (n = 2)	2	B4 (50.0%), EMPTY (50.0%) (n = 2)	2014-05-03	2017-01-01	974	na (100.0%) (n = 2)
MST-14x1.0	cluster_94	8	sample_0123,sample_0173,sample_0183,sample_0203,sample_0204,sample_0346,sample_0354,sample_0367	clinical (62.5%), food (37.5%) (n = 8)	3	C (50.0%), B (25.0%), A (25.0%) (n = 8)	7	B4 (25.0%), B6 (12.5%), B2 (12.5%), A6 (12.5%), A3 (12.5%), B5 (12.5%), B1 (12.5%) (n = 8)	2014-01-24	2019-04-06	1898	9 (100.0%) (n = 8)
MST-14x1.0	cluster_74	3	sample_0301,sample_0376,sample_0411	clinical (66.7%), food (33.3%) (n = 3)	2	A (66.7%), C (33.3%) (n = 3)	3	A1 (33.3%), A6 (33.3%), B1 (33.3%) (n = 3)	2013-05-11	2015-04-27	716	6 (66.7%), na (33.3%) (n = 3)
MST-14x1.0	cluster_79	2	sample_0493,sample_0682	clinical (50.0%), food (50.0%) (n = 2)	1	C (100.0%) (n = 2)	2	B7 (50.0%), B4 (50.0%) (n = 2)	2011-01-01	2015-01-01	1461	1 (100.0%) (n = 2)
MST-14x1.0	cluster_2	2	sample_0704,sample_0744	clinical (100.0%) (n = 2)	1	B (100.0%) (n = 2)	2	B6 (50.0%), B5 (50.0%) (n = 2)	2013-01-01	2014-01-01	365	1 (100.0%) (n = 2)
MST-14x1.0	cluster_114	2	sample_0285,sample_0387	clinical (100.0%) (n = 2)	1	C (100.0%) (n = 2)	2	B1 (50.0%), B7 (50.0%) (n = 2)	2013-01-05	2015-07-17	923	219 (100.0%) (n = 2)
MST-14x1.0	cluster_28	2	sample_0316,sample_0370	clinical (100.0%) (n = 2)	2	C (50.0%), A (50.0%) (n = 2)	2	A4 (50.0%), B1 (50.0%) (n = 2)	2014-01-13	2015-01-20	372	200 (100.0%) (n = 2)
MST-14x1.0	cluster_16	2	sample_0049,sample_0052	clinical (100.0%) (n = 2)	1	A (100.0%) (n = 2)	2	A8 (50.0%), A7 (50.0%) (n = 2)	2020-03-09	2020-08-19	163	37 (100.0%) (n = 2)
MST-14x1.0	cluster_25	2	sample_0496,sample_0508	clinical (100.0%) (n = 2)	1	A (100.0%) (n = 2)	2	A6 (50.0%), EMPTY (50.0%) (n = 2)	2010-08-15	2010-11-27	104	2 (100.0%) (n = 2)
MST-14x1.0	cluster_70	2	sample_0358,sample_0710	food (100.0%) (n = 2)	1	B (100.0%) (n = 2)	2	B7 (50.0%), B4 (50.0%) (n = 2)	2014-01-01	2014-05-03	122	9 (100.0%) (n = 2)
MST-14x1.0	cluster_88	2	sample_0797,sample_0846	food (100.0%) (n = 2)	2	C (50.0%), A (50.0%) (n = 2)	2	A4 (50.0%), B7 (50.0%) (n = 2)	2009-01-01	2012-01-01	1095	3 (100.0%) (n = 2)
MST-14x1.0	cluster_91	2	sample_0803,sample_0811	clinical (100.0%) (n = 2)	2	B (50.0%), A (50.0%) (n = 2)	2	B5 (50.0%), A9 (50.0%) (n = 2)	2011-01-01	2011-01-01	0	8 (100.0%) (n = 2)
MST-14x1.0	cluster_47	3	sample_0713,sample_0751,sample_0769	food (100.0%) (n = 3)	2	B (66.7%), A (33.3%) (n = 3)	3	A1 (33.3%), B7 (33.3%), B4 (33.3%) (n = 3)	2012-01-01	2014-01-01	731	1 (100.0%) (n = 3)
MST-14x1.0	cluster_92	3	sample_0514,sample_0610,sample_0832	food (66.7%), clinical (33.3%) (n = 3)	1	A (100.0%) (n = 3)	2	A2 (66.7%), A7 (33.3%) (n = 3)	2010-01-01	2017-01-01	2557	736 (100.0%) (n = 3)
MST-14x1.0	cluster_116	2	sample_0533,sample_0537	clinical (100.0%) (n = 2)	2	C (50.0%), B (50.0%) (n = 2)	2	B2 (50.0%), B3 (50.0%) (n = 2)	2010-01-28	2010-03-02	33	217 (100.0%) (n = 2)
MST-14x1.0	cluster_68	24	sample_0061,sample_0093,sample_0098,sample_0105,sample_0107,sample_0108,sample_0109,sample_0121,sample_0137,sample_0155,sample_0168,sample_0182,sample_0187,sample_0188,sample_0189,sample_0190,sample_0195,sample_0205,sample_0212,sample_0241,sample_0253,sample_0269,sample_0336,sample_0613	clinical (100.0%) (n = 24)	3	C (33.3%), B (33.3%), A (33.3%) (n = 24)	13	B4 (16.7%), B7 (16.7%), A1 (12.5%), EMPTY (8.3%), B5 (8.3%), B1 (8.3%), A7 (4.2%), B2 (4.2%), A9 (4.2%), A3 (4.2%), A4 (4.2%), A5 (4.2%), B3 (4.2%) (n = 24)	2014-09-18	2020-07-22	2134	1 (100.0%) (n = 24)
MST-14x1.0	cluster_27	2	sample_0066,sample_0067	clinical (100.0%) (n = 2)	2	B (50.0%), A (50.0%) (n = 2)	2	A3 (50.0%), B7 (50.0%) (n = 2)	2020-06-25	2020-06-25	0	219 (100.0%) (n = 2)
MST-14x1.0	cluster_81	2	sample_0632,sample_0787	food (100.0%) (n = 2)	2	B (50.0%), A (50.0%) (n = 2)	2	A7 (50.0%), B2 (50.0%) (n = 2)	2012-01-01	2016-01-01	1461	9 (100.0%) (n = 2)
MST-14x1.0	cluster_12	8	sample_0321,sample_0630,sample_0635,sample_0665,sample_0666,sample_0677,sample_0680,sample_0685	food (100.0%) (n = 8)	3	C (37.5%), B (37.5%), A (25.0%) (n = 8)	6	B2 (25.0%), B3 (25.0%), A5 (12.5%), A8 (12.5%), B5 (12.5%), B4 (12.5%) (n = 8)	2014-04-12	2016-01-01	629	7 (100.0%) (n = 8)
MST-14x1.0	cluster_17	3	sample_0276,sample_0631,sample_0648	food (100.0%) (n = 3)	2	A (66.7%), C (33.3%) (n = 3)	3	A3 (33.3%), A6 (33.3%), B7 (33.3%) (n = 3)	2015-10-30	2016-01-01	63	121 (100.0%) (n = 3)
MST-14x1.0	cluster_34	2	sample_0172,sample_0174	clinical (100.0%) (n = 2)	2	C (50.0%), A (50.0%) (n = 2)	2	A8 (50.0%), B2 (50.0%) (n = 2)	2018-07-25	2018-07-28	3	378 (100.0%) (n = 2)
MST-14x1.0	cluster_30	2	sample_0036,sample_0579	clinical (100.0%) (n = 2)	2	C (50.0%), A (50.0%) (n = 2)	2	A4 (50.0%), B4 (50.0%) (n = 2)	2021-01-01	2021-01-02	1	217 (100.0%) (n = 2)
MST-14x1.0	cluster_76	2	sample_0428,sample_0686	food (100.0%) (n = 2)	1	C (100.0%) (n = 2)	2	B6 (50.0%), B3 (50.0%) (n = 2)	2012-11-14	2015-01-01	778	na (100.0%) (n = 2)
MST-14x1.0	cluster_33	2	sample_0471,sample_0472	clinical (100.0%) (n = 2)	2	C (50.0%), A (50.0%) (n = 2)	2	A8 (50.0%), B5 (50.0%) (n = 2)	2011-02-04	2011-02-04	0	426 (100.0%) (n = 2)
MST-14x1.0	cluster_89	2	sample_0218,sample_0580	clinical (100.0%) (n = 2)	2	C (50.0%), B (50.0%) (n = 2)	1	B1 (100.0%) (n = 2)	2017-04-08	2021-01-01	1364	1 (100.0%) (n = 2)
MST-14x1.0	cluster_39	2	sample_0342,sample_0705	clinical (100.0%) (n = 2)	2	C (50.0%), B (50.0%) (n = 2)	2	B2 (50.0%), B7 (50.0%) (n = 2)	2014-01-01	2014-03-06	64	4 (100.0%) (n = 2)
MST-14x1.0	cluster_104	4	sample_0375,sample_0380,sample_0381,sample_0694	food (100.0%) (n = 4)	3	C (50.0%), B (25.0%), A (25.0%) (n = 4)	3	B7 (50.0%), B5 (25.0%), A6 (25.0%) (n = 4)	2013-10-20	2014-01-01	73	121 (100.0%) (n = 4)
MST-14x1.0	cluster_106	3	sample_0274,sample_0275,sample_0612	clinical (100.0%) (n = 3)	2	B (66.7%), A (33.3%) (n = 3)	3	B3 (33.3%), B4 (33.3%), A2 (33.3%) (n = 3)	2015-08-11	2017-01-01	509	382 (100.0%) (n = 3)
MST-14x1.0	cluster_117	2	sample_0404,sample_0549	clinical (100.0%) (n = 2)	1	B (100.0%) (n = 2)	1	B7 (100.0%) (n = 2)	2009-12-13	2013-10-02	1389	101 (100.0%) (n = 2)
MST-14x1.0	cluster_111	2	sample_0347,sample_0776	clinical (100.0%) (n = 2)	1	B (100.0%) (n = 2)	2	B7 (50.0%), B4 (50.0%) (n = 2)	2012-01-01	2014-04-25	845	666 (100.0%) (n = 2)
MST-14x1.0	cluster_62	2	sample_0074,sample_0315	clinical (100.0%) (n = 2)	2	B (50.0%), A (50.0%) (n = 2)	2	A6 (50.0%), B1 (50.0%) (n = 2)	2015-01-20	2020-03-06	1872	3 (100.0%) (n = 2)
MST-14x1.0	cluster_110	2	sample_0157,sample_0158	clinical (100.0%) (n = 2)	2	B (50.0%), A (50.0%) (n = 2)	2	A3 (50.0%), B5 (50.0%) (n = 2)	2018-12-22	2018-12-22	0	388 (100.0%) (n = 2)
MST-14x1.0	cluster_31	4	sample_0088,sample_0593,sample_0671,sample_0843	food (75.0%), clinical (25.0%) (n = 4)	3	B (50.0%), C (25.0%), A (25.0%) (n = 4)	2	EMPTY (75.0%), B1 (25.0%) (n = 4)	2010-01-01	2020-02-14	3696	9 (100.0%) (n = 4)
MST-14x1.0	cluster_96	2	sample_0458,sample_0581	clinical (100.0%) (n = 2)	1	B (100.0%) (n = 2)	2	B2 (50.0%), B1 (50.0%) (n = 2)	2011-07-21	2020-01-01	3086	217 (100.0%) (n = 2)
MST-14x1.0	cluster_86	2	sample_0306,sample_0810	clinical (100.0%) (n = 2)	2	C (50.0%), B (50.0%) (n = 2)	2	B6 (50.0%), B4 (50.0%) (n = 2)	2011-01-01	2015-03-16	1535	388 (100.0%) (n = 2)
MST-14x1.0	cluster_44	2	sample_0558,sample_0559	clinical (100.0%) (n = 2)	2	C (50.0%), A (50.0%) (n = 2)	2	A7 (50.0%), B2 (50.0%) (n = 2)	2009-09-02	2009-09-02	0	3 (100.0%) (n = 2)
MST-14x1.0	cluster_24	2	sample_0209,sample_0213	clinical (100.0%) (n = 2)	2	C (50.0%), B (50.0%) (n = 2)	2	B6 (50.0%), B7 (50.0%) (n = 2)	2017-09-22	2017-11-24	63	1 (100.0%) (n = 2)
MST-14x1.0	cluster_83	2	sample_0377,sample_0511	clinical (100.0%) (n = 2)	2	C (50.0%), B (50.0%) (n = 2)	2	B6 (50.0%), B2 (50.0%) (n = 2)	2010-07-29	2013-04-11	987	8 (100.0%) (n = 2)
MST-14x1.0	cluster_87	46	sample_0017,sample_0037,sample_0054,sample_0056,sample_0094,sample_0132,sample_0146,sample_0179,sample_0194,sample_0211,sample_0228,sample_0239,sample_0250,sample_0262,sample_0286,sample_0292,sample_0382,sample_0409,sample_0419,sample_0422,sample_0441,sample_0442,sample_0447,sample_0464,sample_0484,sample_0531,sample_0538,sample_0539,sample_0563,sample_0564,sample_0567,sample_0568,sample_0569,sample_0570,sample_0571,sample_0572,sample_0573,sample_0574,sample_0575,sample_0578,sample_0604,sample_0608,sample_0618,sample_0619,sample_0643,sample_0698	clinical (67.4%), food (32.6%) (n = 46)	3	A (37.0%), C (34.8%), B (28.3%) (n = 46)	16	EMPTY (13.0%), B4 (13.0%), B3 (10.9%), A8 (8.7%), B1 (8.7%), B6 (6.5%), B2 (6.5%), A2 (6.5%), B5 (6.5%), A1 (4.3%), B7 (4.3%), A7 (2.2%), A6 (2.2%), A9 (2.2%), A3 (2.2%), A5 (2.2%) (n = 46)	2004-03-30	2021-07-14	6315	87 (100.0%) (n = 46)
MST-14x1.0	cluster_11	2	sample_0438,sample_0439	clinical (100.0%) (n = 2)	2	C (50.0%), A (50.0%) (n = 2)	2	A7 (50.0%), B2 (50.0%) (n = 2)	2012-04-09	2012-04-09	0	6 (100.0%) (n = 2)
MST-14x1.0	cluster_112	2	sample_0405,sample_0443	clinical (100.0%) (n = 2)	2	C (50.0%), B (50.0%) (n = 2)	2	B7 (50.0%), B4 (50.0%) (n = 2)	2012-09-02	2013-09-02	365	736 (100.0%) (n = 2)
MST-14x1.0	cluster_90	37	sample_0010,sample_0032,sample_0081,sample_0124,sample_0126,sample_0127,sample_0144,sample_0252,sample_0293,sample_0308,sample_0312,sample_0386,sample_0444,sample_0445,sample_0453,sample_0459,sample_0460,sample_0462,sample_0468,sample_0476,sample_0499,sample_0500,sample_0516,sample_0556,sample_0583,sample_0584,sample_0586,sample_0587,sample_0589,sample_0590,sample_0592,sample_0596,sample_0605,sample_0624,sample_0634,sample_0642,sample_0655	clinical (70.3%), food (29.7%) (n = 37)	3	C (37.8%), A (35.1%), B (27.0%) (n = 37)	13	B4 (16.2%), B7 (13.5%), B2 (10.8%), B1 (10.8%), A9 (8.1%), EMPTY (8.1%), A7 (5.4%), A6 (5.4%), A3 (5.4%), A4 (5.4%), B3 (5.4%), A2 (2.7%), B5 (2.7%) (n = 37)	2009-03-22	2021-03-23	4384	1 (100.0%) (n = 37)
MST-14x1.0	cluster_3	2	sample_0334,sample_0397	clinical (100.0%) (n = 2)	1	A (100.0%) (n = 2)	2	A3 (50.0%), A2 (50.0%) (n = 2)	2013-12-03	2014-05-10	158	1 (100.0%) (n = 2)
MST-14x1.0	cluster_29	2	sample_0224,sample_0230	clinical (100.0%) (n = 2)	1	B (100.0%) (n = 2)	2	B5 (50.0%), B3 (50.0%) (n = 2)	2017-06-30	2017-11-06	129	378 (100.0%) (n = 2)
MST-14x1.0	cluster_66	2	sample_0414,sample_0417	food (100.0%) (n = 2)	2	B (50.0%), A (50.0%) (n = 2)	2	B4 (50.0%), EMPTY (50.0%) (n = 2)	2012-03-12	2012-03-12	0	20 (100.0%) (n = 2)
MST-14x1.0	cluster_41	2	sample_0298,sample_0304	clinical (100.0%) (n = 2)	1	A (100.0%) (n = 2)	2	A2 (50.0%), EMPTY (50.0%) (n = 2)	2015-05-05	2015-11-04	183	1 (100.0%) (n = 2)
MST-14x1.0	cluster_50	37	sample_0323,sample_0478,sample_0485,sample_0490,sample_0497,sample_0498,sample_0501,sample_0503,sample_0504,sample_0512,sample_0518,sample_0519,sample_0520,sample_0523,sample_0525,sample_0526,sample_0527,sample_0528,sample_0529,sample_0530,sample_0532,sample_0534,sample_0535,sample_0541,sample_0542,sample_0543,sample_0544,sample_0545,sample_0712,sample_0805,sample_0813,sample_0814,sample_0820,sample_0826,sample_0845,sample_0852,sample_0859	clinical (86.5%), food (13.5%) (n = 37)	3	B (37.8%), A (35.1%), C (27.0%) (n = 37)	17	EMPTY (16.2%), B6 (13.5%), B2 (10.8%), B5 (10.8%), B7 (8.1%), A6 (5.4%), A4 (5.4%), A1 (5.4%), A7 (2.7%), A9 (2.7%), A3 (2.7%), B1 (2.7%), A5 (2.7%), A2 (2.7%), A8 (2.7%), B3 (2.7%), B4 (2.7%) (n = 37)	2009-01-01	2014-11-27	2156	388 (100.0%) (n = 37)
MST-14x1.0	cluster_15	2	sample_0118,sample_0119	clinical (100.0%) (n = 2)	2	B (50.0%), A (50.0%) (n = 2)	1	EMPTY (100.0%) (n = 2)	2019-06-21	2019-06-21	0	7 (100.0%) (n = 2)
MST-14x1.0	cluster_57	2	sample_0339,sample_0517	clinical (100.0%) (n = 2)	2	C (50.0%), A (50.0%) (n = 2)	2	A3 (50.0%), B1 (50.0%) (n = 2)	2010-12-06	2014-07-17	1319	2 (100.0%) (n = 2)
MST-14x1.0	cluster_42	3	sample_0689,sample_0708,sample_0723	clinical (100.0%) (n = 3)	3	C (33.3%), B (33.3%), A (33.3%) (n = 3)	2	B2 (66.7%), A1 (33.3%) (n = 3)	2014-01-01	2014-01-01	0	1 (100.0%) (n = 3)
MST-14x1.0	cluster_36	4	sample_0373,sample_0378,sample_0388,sample_0800	clinical (75.0%), food (25.0%) (n = 4)	2	C (50.0%), A (50.0%) (n = 4)	4	B6 (25.0%), A5 (25.0%), B2 (25.0%), EMPTY (25.0%) (n = 4)	2012-01-01	2013-12-18	717	2 (100.0%) (n = 4)
MST-14x1.0	cluster_98	4	sample_0112,sample_0299,sample_0363,sample_0371	clinical (50.0%), food (50.0%) (n = 4)	2	B (50.0%), A (50.0%) (n = 4)	3	B4 (50.0%), A8 (25.0%), A2 (25.0%) (n = 4)	2014-01-13	2019-07-29	2023	29 (75.0%), na (25.0%) (n = 4)
MST-14x1.0	cluster_67	2	sample_0035,sample_0450	clinical (100.0%) (n = 2)	2	C (50.0%), B (50.0%) (n = 2)	2	B6 (50.0%), B4 (50.0%) (n = 2)	2011-09-13	2021-05-02	3519	6 (100.0%) (n = 2)
MST-14x1.0	cluster_52	2	sample_0727,sample_0815	food (100.0%) (n = 2)	2	C (50.0%), B (50.0%) (n = 2)	2	B6 (50.0%), B1 (50.0%) (n = 2)	2011-01-01	2014-01-01	1096	9 (100.0%) (n = 2)
MST-14x1.0	cluster_4	8	sample_0507,sample_0510,sample_0515,sample_0548,sample_0550,sample_0646,sample_0779,sample_0795	clinical (50.0%), food (50.0%) (n = 8)	3	C (50.0%), B (25.0%), A (25.0%) (n = 8)	7	B5 (25.0%), B2 (12.5%), A4 (12.5%), B4 (12.5%), A1 (12.5%), B7 (12.5%), B1 (12.5%) (n = 8)	2009-12-13	2016-01-01	2210	1 (100.0%) (n = 8)
MST-14x1.0	cluster_99	5	sample_0326,sample_0383,sample_0600,sample_0754,sample_0817	clinical (60.0%), food (40.0%) (n = 5)	3	B (40.0%), A (40.0%), C (20.0%) (n = 5)	4	B5 (40.0%), A1 (20.0%), B3 (20.0%), A9 (20.0%) (n = 5)	2011-01-01	2018-01-01	2557	155 (100.0%) (n = 5)
MST-14x1.0	cluster_65	2	sample_0317,sample_0318	food (100.0%) (n = 2)	2	C (50.0%), B (50.0%) (n = 2)	1	B2 (100.0%) (n = 2)	2015-01-16	2015-01-16	0	1 (100.0%) (n = 2)
MST-14x1.0	cluster_49	2	sample_0625,sample_0641	clinical (100.0%) (n = 2)	2	C (50.0%), A (50.0%) (n = 2)	1	EMPTY (100.0%) (n = 2)	2016-01-01	2016-01-01	0	1 (100.0%) (n = 2)
MST-14x1.0	cluster_55	4	sample_0696,sample_0761,sample_0770,sample_0794	food (100.0%) (n = 4)	2	C (50.0%), A (50.0%) (n = 4)	3	B4 (50.0%), A8 (25.0%), A2 (25.0%) (n = 4)	2012-01-01	2014-01-01	731	7 (100.0%) (n = 4)
MST-14x1.0	cluster_9	4	sample_0281,sample_0283,sample_0675,sample_0687	clinical (50.0%), food (50.0%) (n = 4)	3	B (50.0%), C (25.0%), A (25.0%) (n = 4)	4	B6 (25.0%), A5 (25.0%), B5 (25.0%), B4 (25.0%) (n = 4)	2015-01-01	2015-08-15	226	na (100.0%) (n = 4)
MST-14x1.0	cluster_115	2	sample_0333,sample_0407	clinical (100.0%) (n = 2)	2	C (50.0%), B (50.0%) (n = 2)	2	B7 (50.0%), EMPTY (50.0%) (n = 2)	2013-01-31	2014-10-15	622	217 (100.0%) (n = 2)
MST-14x1.0	cluster_82	3	sample_0278,sample_0341,sample_0406	clinical (66.7%), food (33.3%) (n = 3)	3	C (33.3%), B (33.3%), A (33.3%) (n = 3)	3	B2 (33.3%), B4 (33.3%), A6 (33.3%) (n = 3)	2013-04-02	2015-10-30	941	4 (100.0%) (n = 3)
MST-14x1.0	cluster_80	2	sample_0348,sample_0368	food (100.0%) (n = 2)	2	C (50.0%), B (50.0%) (n = 2)	2	B3 (50.0%), B4 (50.0%) (n = 2)	2014-01-24	2014-04-22	88	29 (100.0%) (n = 2)
MST-14x1.0	cluster_77	2	sample_0150,sample_0847	clinical (50.0%), food (50.0%) (n = 2)	2	C (50.0%), A (50.0%) (n = 2)	2	A5 (50.0%), B2 (50.0%) (n = 2)	2009-01-01	2019-10-01	3925	3 (100.0%) (n = 2)
MST-14x1.0	cluster_69	2	sample_0159,sample_0366	clinical (100.0%) (n = 2)	1	C (100.0%) (n = 2)	2	B5 (50.0%), B2 (50.0%) (n = 2)	2014-09-02	2018-12-15	1565	1 (100.0%) (n = 2)
MST-14x1.0	cluster_6	5	sample_0277,sample_0401,sample_0784,sample_0785,sample_0786	food (100.0%) (n = 5)	2	B (80.0%), C (20.0%) (n = 5)	4	B5 (40.0%), B1 (20.0%), B7 (20.0%), EMPTY (20.0%) (n = 5)	2012-01-01	2015-10-30	1398	121 (100.0%) (n = 5)
MST-14x1.0	cluster_56	2	sample_0842,sample_0849	food (100.0%) (n = 2)	2	C (50.0%), A (50.0%) (n = 2)	2	A7 (50.0%), B7 (50.0%) (n = 2)	2009-01-01	2010-01-01	365	2 (100.0%) (n = 2)
MST-14x1.0	cluster_35	2	sample_0217,sample_0614	clinical (50.0%), food (50.0%) (n = 2)	2	B (50.0%), A (50.0%) (n = 2)	2	A3 (50.0%), B5 (50.0%) (n = 2)	2017-01-01	2017-08-26	237	403 (100.0%) (n = 2)
MST-14x1.0	cluster_85	11	sample_0477,sample_0656,sample_0669,sample_0684,sample_0715,sample_0716,sample_0737,sample_0748,sample_0809,sample_0818,sample_0862	food (81.8%), clinical (18.2%) (n = 11)	3	C (36.4%), B (36.4%), A (27.3%) (n = 11)	8	B1 (27.3%), B7 (18.2%), B2 (9.1%), A9 (9.1%), A4 (9.1%), B4 (9.1%), A5 (9.1%), B5 (9.1%) (n = 11)	2009-01-01	2015-01-01	2191	2 (100.0%) (n = 11)
MST-14x1.0	cluster_22	2	sample_0018,sample_0020	clinical (100.0%) (n = 2)	2	C (50.0%), B (50.0%) (n = 2)	2	B6 (50.0%), B7 (50.0%) (n = 2)	2021-06-29	2021-07-13	14	87 (100.0%) (n = 2)
MST-14x1.0	cluster_103	2	sample_0475,sample_0706	clinical (100.0%) (n = 2)	2	B (50.0%), A (50.0%) (n = 2)	2	EMPTY (50.0%), A9 (50.0%) (n = 2)	2011-09-03	2014-01-01	851	388 (100.0%) (n = 2)
MST-14x1.0	cluster_21	7	sample_0029,sample_0086,sample_0170,sample_0171,sample_0184,sample_0191,sample_0236	clinical (100.0%) (n = 7)	3	B (71.4%), C (14.3%), A (14.3%) (n = 7)	6	B1 (28.6%), B2 (14.3%), EMPTY (14.3%), B7 (14.3%), A2 (14.3%), B5 (14.3%) (n = 7)	2017-06-05	2021-04-26	1421	16 (100.0%) (n = 7)
MST-14x1.0	cluster_84	2	sample_0031,sample_0185	clinical (100.0%) (n = 2)	2	B (50.0%), A (50.0%) (n = 2)	2	B6 (50.0%), A1 (50.0%) (n = 2)	2018-07-06	2021-05-04	1033	1 (100.0%) (n = 2)
MST-14x1.0	cluster_75	2	sample_0310,sample_0314	food (100.0%) (n = 2)	2	B (50.0%), A (50.0%) (n = 2)	2	A4 (50.0%), B1 (50.0%) (n = 2)	2015-01-24	2015-02-18	25	6 (100.0%) (n = 2)
MST-14x1.0	cluster_60	4	sample_0028,sample_0166,sample_0180,sample_0555	clinical (100.0%) (n = 4)	2	C (50.0%), A (50.0%) (n = 4)	4	A1 (25.0%), B1 (25.0%), B7 (25.0%), EMPTY (25.0%) (n = 4)	2009-09-04	2021-05-05	4261	7 (100.0%) (n = 4)
MST-14x1.0	cluster_72	4	sample_0110,sample_0139,sample_0437,sample_0440	clinical (100.0%) (n = 4)	2	B (75.0%), A (25.0%) (n = 4)	4	A7 (25.0%), B5 (25.0%), B2 (25.0%), B3 (25.0%) (n = 4)	2012-08-22	2019-07-08	2511	382 (100.0%) (n = 4)
MST-14x1.0	cluster_1	12	sample_0629,sample_0637,sample_0638,sample_0639,sample_0644,sample_0647,sample_0651,sample_0652,sample_0658,sample_0659,sample_0667,sample_0679	food (100.0%) (n = 12)	3	A (41.7%), B (33.3%), C (25.0%) (n = 12)	10	B6 (16.7%), B5 (16.7%), A7 (8.3%), A6 (8.3%), A9 (8.3%), A4 (8.3%), EMPTY (8.3%), B7 (8.3%), B3 (8.3%), B4 (8.3%) (n = 12)	2015-01-01	2016-01-01	365	7 (100.0%) (n = 12)
MST-14x1.0	cluster_7	3	sample_0714,sample_0734,sample_0792	food (100.0%) (n = 3)	3	C (33.3%), B (33.3%), A (33.3%) (n = 3)	3	A6 (33.3%), B2 (33.3%), EMPTY (33.3%) (n = 3)	2012-01-01	2014-01-01	731	121 (100.0%) (n = 3)
MST-14x1.0	cluster_54	5	sample_0101,sample_0398,sample_0400,sample_0413,sample_0627	food (80.0%), clinical (20.0%) (n = 5)	2	A (60.0%), B (40.0%) (n = 5)	5	B6 (20.0%), B2 (20.0%), A9 (20.0%), A4 (20.0%), A2 (20.0%) (n = 5)	2012-03-12	2019-09-23	2751	121 (100.0%) (n = 5)
MST-14x1.0	cluster_32	7	sample_0322,sample_0423,sample_0424,sample_0425,sample_0426,sample_0427,sample_0721	food (71.4%), clinical (28.6%) (n = 7)	3	C (42.9%), B (28.6%), A (28.6%) (n = 7)	7	B6 (14.3%), A3 (14.3%), EMPTY (14.3%), B7 (14.3%), A2 (14.3%), B5 (14.3%), B3 (14.3%) (n = 7)	2012-11-14	2014-04-12	514	1 (100.0%) (n = 7)
MST-14x1.0	cluster_20	4	sample_0601,sample_0746,sample_0757,sample_0799	food (100.0%) (n = 4)	3	C (50.0%), B (25.0%), A (25.0%) (n = 4)	4	EMPTY (25.0%), B1 (25.0%), B7 (25.0%), A2 (25.0%) (n = 4)	2012-01-01	2018-01-01	2192	2 (75.0%), na (25.0%) (n = 4)
MST-14x1.0	cluster_48	4	sample_0585,sample_0597,sample_0602,sample_0729	food (100.0%) (n = 4)	3	C (50.0%), B (25.0%), A (25.0%) (n = 4)	4	A8 (25.0%), B5 (25.0%), B1 (25.0%), EMPTY (25.0%) (n = 4)	2014-01-01	2019-01-01	1826	2 (100.0%) (n = 4)
MST-14x1.0	cluster_45	2	sample_0808,sample_0844	food (100.0%) (n = 2)	2	C (50.0%), A (50.0%) (n = 2)	2	A4 (50.0%), B1 (50.0%) (n = 2)	2010-01-01	2011-01-01	365	3 (100.0%) (n = 2)
MST-14x1.0	cluster_100	3	sample_0073,sample_0153,sample_0154	clinical (100.0%) (n = 3)	2	A (66.7%), C (33.3%) (n = 3)	3	A5 (33.3%), B3 (33.3%), A2 (33.3%) (n = 3)	2018-12-29	2020-04-06	464	382 (100.0%) (n = 3)
MST-14x1.0	cluster_5	3	sample_0765,sample_0777,sample_0790	clinical (100.0%) (n = 3)	3	C (33.3%), B (33.3%), A (33.3%) (n = 3)	2	EMPTY (66.7%), A7 (33.3%) (n = 3)	2012-01-01	2012-01-01	0	1 (100.0%) (n = 3)
MST-14x1.0	cluster_73	3	sample_0025,sample_0060,sample_0151	clinical (100.0%) (n = 3)	2	A (66.7%), C (33.3%) (n = 3)	3	A1 (33.3%), B4 (33.3%), A9 (33.3%) (n = 3)	2019-07-01	2021-02-06	586	3 (100.0%) (n = 3)
MST-14x1.0	cluster_46	5	sample_0044,sample_0148,sample_0662,sample_0663,sample_0688	food (60.0%), clinical (40.0%) (n = 5)	3	B (40.0%), A (40.0%), C (20.0%) (n = 5)	4	EMPTY (40.0%), B5 (20.0%), B1 (20.0%), B7 (20.0%) (n = 5)	2015-01-01	2020-09-17	2086	87 (100.0%) (n = 5)
MST-14x1.0	cluster_97	4	sample_0065,sample_0198,sample_0673,sample_0833	clinical (75.0%), food (25.0%) (n = 4)	2	B (75.0%), C (25.0%) (n = 4)	4	B6 (25.0%), B2 (25.0%), B3 (25.0%), B4 (25.0%) (n = 4)	2010-01-01	2020-07-07	3840	2 (100.0%) (n = 4)
MST-14x1.0	cluster_37	2	sample_0740,sample_0782	food (100.0%) (n = 2)	2	B (50.0%), A (50.0%) (n = 2)	2	B5 (50.0%), A2 (50.0%) (n = 2)	2012-01-01	2013-01-01	366	1 (100.0%) (n = 2)
MST-14x1.0	cluster_19	2	sample_0272,sample_0273	clinical (100.0%) (n = 2)	2	C (50.0%), B (50.0%) (n = 2)	1	B3 (100.0%) (n = 2)	2015-11-25	2015-11-25	0	388 (100.0%) (n = 2)
MST-14x1.0	cluster_108	29	sample_0012,sample_0064,sample_0068,sample_0080,sample_0130,sample_0259,sample_0279,sample_0324,sample_0432,sample_0433,sample_0473,sample_0481,sample_0505,sample_0654,sample_0691,sample_0697,sample_0711,sample_0720,sample_0735,sample_0738,sample_0739,sample_0749,sample_0750,sample_0758,sample_0759,sample_0783,sample_0827,sample_0835,sample_0841	food (55.2%), clinical (44.8%) (n = 29)	3	A (41.4%), C (31.0%), B (27.6%) (n = 29)	15	B6 (17.2%), A7 (10.3%), B5 (10.3%), B2 (6.9%), A9 (6.9%), B1 (6.9%), A1 (6.9%), B3 (6.9%), B4 (6.9%), A3 (3.4%), A4 (3.4%), EMPTY (3.4%), A5 (3.4%), B7 (3.4%), A2 (3.4%) (n = 29)	2010-01-01	2021-08-29	4258	1 (100.0%) (n = 29)
MST-14x1.0	cluster_13	2	sample_0295,sample_0309	clinical (100.0%) (n = 2)	2	C (50.0%), A (50.0%) (n = 2)	2	B7 (50.0%), A9 (50.0%) (n = 2)	2015-02-25	2015-05-21	85	6 (100.0%) (n = 2)
MST-14x1.0	cluster_40	2	sample_0169,sample_0210	clinical (100.0%) (n = 2)	2	C (50.0%), A (50.0%) (n = 2)	2	B6 (50.0%), A7 (50.0%) (n = 2)	2017-10-18	2018-07-09	264	2 (100.0%) (n = 2)
MST-14x1.0	cluster_109	4	sample_0026,sample_0251,sample_0290,sample_0524	clinical (100.0%) (n = 4)	1	B (100.0%) (n = 4)	3	B1 (50.0%), B7 (25.0%), B4 (25.0%) (n = 4)	2010-05-17	2021-05-22	4023	6 (100.0%) (n = 4)
MST-14x1.0	cluster_8	8	sample_0046,sample_0048,sample_0263,sample_0264,sample_0307,sample_0311,sample_0774,sample_0838	clinical (75.0%), food (25.0%) (n = 8)	3	B (37.5%), A (37.5%), C (25.0%) (n = 8)	4	EMPTY (50.0%), A6 (25.0%), A3 (12.5%), B1 (12.5%) (n = 8)	2010-01-01	2020-07-09	3842	14 (87.5%), na (12.5%) (n = 8)
MST-14x1.0	cluster_105	2	sample_0344,sample_0345	food (100.0%) (n = 2)	2	C (50.0%), B (50.0%) (n = 2)	1	B3 (100.0%) (n = 2)	2014-08-05	2014-11-05	92	8 (100.0%) (n = 2)
